index,published,keyword,domain,language,valid,title,description,url,image,archive,content,quote,de,en,la,added
239ad0fba9740ea075f65b5e5850254b,2026-07-01T05:37:28Z,'snow',post.rlsbb.to,en,0.7,Difficult People S02 BDRip x264-SNOW,"Julie and Billy, two jaded aspiring comedians who live together in New York City, navigate through their thirties while dealing with their individual careers and personal relationships. Links: HOMEPAGE – iMDBDifficult.People.S02.BDRip.x264-SNOWMKV | AAC | 10E…",https://post.rlsbb.to/difficult-people-s02-bdrip-x264-snow/,,,"Julie and Billy, two jaded aspiring comedians who live together in New York City, navigate through their thirties while dealing with their individual careers and personal relationships. 
Links:HOMEP… [+142 chars]",,"Schwierige Menschen S02 BDRip x264-SNOW. Julie und Billy, zwei abgestumpfte aufstrebende Komiker, die zusammen in New York City leben, navigieren durch ihre Dreißiger und beschäftigen sich gleichzeitig mit ihrer individuellen Karriere und ihren persönlichen Beziehungen. Links: HOMEPAGE – iMDBDifficult.People.S02.BDRip.x264-SNOWMKV | AAC | 10E…","Difficult People S02 BDRip x264-SNOW. Julie and Billy, two jaded aspiring comedians who live together in New York City, navigate through their thirties while dealing with their individual careers and personal relationships. Links: HOMEPAGE – iMDBDifficult.People.S02.BDRip.x264-SNOWMKV | AAC | 10E…","Homines difficilis S02 BDRip x264-NIX. Julie et Billy, duo comici adfectati, qui simul in urbe New York vivunt, per triginta navigant, dum de singulis curriculis et relationes personales agunt. Links: HOMEPAGE – iMDBDifficult.People.S02.BDRip.x264-SNOWMKV | AAC | 10E…",2026-07-03 05:35:01+00:00
a1fd09e7922ce16cd33099640f1c57a9,2026-07-01T08:44:04Z,'snow',www.rte.ie,en,0.7,Snow Patrol's Lightbody duets with Minogue on new single,Snow Patrol and Kylie Minogue have officially announced a new collaboration with upcoming single These Alarms.,https://www.rte.ie/entertainment/2026/0701/1581211-snow-patrols-lightbody-duets-with-minogue-on-new-single/,https://www.rte.ie/images/00249e08-1600.jpg,http://web.archive.org/web/20260702034348/https://www.rte.ie/entertainment/2026/0701/1581211-snow-patrols-lightbody-duets-with-minogue-on-new-single/,"Snow Patrol and Kylie Minogue have officially announced a new collaboration with upcoming single These Alarms.
The band originally recorded the track for their 2024 album The Forest is the Path unde… [+1637 chars]",,Snow Patrols Lightbody-Duett mit Minogue auf neuer Single. Snow Patrol und Kylie Minogue haben offiziell eine neue Zusammenarbeit mit der kommenden Single These Alarms angekündigt.,Snow Patrol's Lightbody duets with Minogue on new single. Snow Patrol and Kylie Minogue have officially announced a new collaboration with upcoming single These Alarms.,Nives Patrol's Lightbody duets with Minogue on new single. Nives Patrol et Kylie Minogue publice nuntiaverunt novam cooperationem cum uno venturo haec Alarms.,2026-07-03 05:35:01+00:00
62af9a2475876f0f45df12ce6cb92ffb,2026-07-01T21:00:00Z,'snow',comicbook.com,en,0.7,"Daenerys Targaryen’s Return Is Defining House of the Dragon’s New Era, 7 Years After Her GOT Death","Image via HBO

It has been seven years since Jon Snow put a knife in Daenerys Targaryen and ended her life. Seven years since Game of Thrones‘ ending turned Dany into its final villain, sparking a huge backlash in the process. And yet, after all that time, th…",http://comicbook.com/tv-shows/feature/daenerys-targaryens-return-is-defining-house-of-the-dragons-new-era-7-years-after-her-got-death/,"https://comicbook.com/wp-content/uploads/sites/4/2026/07/Daenerys-Targaryen-Emilia-Clarke-in-Game-of-Thrones.jpg?resize=2000,1125",http://web.archive.org/web/20260702020407/https://comicbook.com/tv-shows/feature/daenerys-targaryens-return-is-defining-house-of-the-dragons-new-era-7-years-after-her-got-death/,"It has been seven years since Jon Snow put a knife in Daenerys Targaryen and ended her life. Seven years since Game of Thrones‘ ending turned Dany into its final villain, sparking a huge backlash in … [+3032 chars]",,"Daenerys Targaryens Rückkehr prägt die neue Ära von House of the Dragon, sieben Jahre nach ihrem Tod. Bild über HBO

Es ist sieben Jahre her, seit Jon Snow Daenerys Targaryen mit einem Messer verletzt und ihr das Leben gekostet hat. Sieben Jahre nach dem Ende von „Game of Thrones“ wurde Dany zum letzten Bösewicht und löste dabei eine große Gegenreaktion aus. Und doch, nach all der Zeit, …","Daenerys Targaryen’s Return Is Defining House of the Dragon’s New Era, 7 Years After Her GOT Death. Image via HBO

It has been seven years since Jon Snow put a knife in Daenerys Targaryen and ended her life. Seven years since Game of Thrones‘ ending turned Dany into its final villain, sparking a huge backlash in the process. And yet, after all that time, th…","Daenery Targaryen reditio est Definiens Domus in Novo Draco, 7 Annos Post Mortem Her. Imago per HBO

Septem annos fuit ex quo Jon Snow gladium in Daenery Targaryen posuit et vitam suam finivit. Septem annos post Ludus Thronorum' ending Dany in ultimum suum pessimum vertitur, ingens backlash in processu coruscans. Attamen, toto illo tempore.",2026-07-03 20:02:31+00:00
a2d19ecf4cc455639f0bb2ae03488386,2026-07-01T16:36:15Z,'snow',www.popsci.com,en,0.9,It snowed in Yellowstone this week,"The higher the elevation, the cooler the temperature.
The post It snowed in Yellowstone this week appeared first on Popular Science.",http://www.popsci.com/environment/yellowstone-summer-snow/,https://www.popsci.com/wp-content/uploads/2026/07/Yellowstone-Summer-Snow.jpeg?w=1200,http://web.archive.org/web/20260702032435/https://www.popsci.com/environment/yellowstone-summer-snow/,"Get the Popular Science daily newsletter
Breakthroughs, discoveries, and DIY tips sent six days a week.
By signing up, you confirm you are 16+, will receive newsletters and promotional content and … [+1850 chars]",,"Diese Woche hat es im Yellowstone geschneit. Je höher die Höhe, desto kühler die Temperatur.
Der Beitrag Diese Woche hat es im Yellowstone geschneit erschien zuerst auf Popular Science.","It snowed in Yellowstone this week. The higher the elevation, the cooler the temperature.
The post It snowed in Yellowstone this week appeared first on Popular Science.","Hoc septimana in Yellowstone ninxit. Altior sublimitas, frigidior est temperies.
Post nix in Yellowstone hac septimana primum apparuit in Scientia Populari.",2026-07-03 20:02:31+00:00
7ad757de2ad56a5ff883ee8bb7609ab0,2026-07-01T19:00:38Z,'snow',www.fly4free.com,en,0.9, Cheap Air France/KLM fights from Baltic and Nordic countries to Peru from €688 ,"Peru is a country where ancient Inca cities emerge from the clouds, alpacas roam beneath snow-capped mountains, colourful markets fill colonial streets, and landscapes change dramatically from the Andes to the Amazon rainforest and the Pacific coast. With the…",https://www.fly4free.com/flight-deals/europe/flights-from-the-baltics-to-peru-e688/,https://assets.fly4free.com/wp-content/uploads/2026/07/willian-justen-de-vasconcellos-ulUnRNuC_ok-unsplash-2-800x533.jpg,,"Peru is a country where ancient Inca cities emerge from the clouds, alpacas roam beneath snow-capped mountains, colourful markets fill colonial streets, and landscapes change dramatically from the An… [+5708 chars]",,"Günstige Air France/KLM-Flüge von den baltischen und nordischen Ländern nach Peru ab 688 €. Peru ist ein Land, in dem alte Inkastädte aus den Wolken auftauchen, Alpakas unter schneebedeckten Bergen umherstreifen, farbenfrohe Märkte Kolonialstraßen füllen und sich die Landschaften von den Anden über den Amazonas-Regenwald bis zur Pazifikküste dramatisch verändern. Mit dem…"," Cheap Air France/KLM fights from Baltic and Nordic countries to Peru from €688 . Peru is a country where ancient Inca cities emerge from the clouds, alpacas roam beneath snow-capped mountains, colourful markets fill colonial streets, and landscapes change dramatically from the Andes to the Amazon rainforest and the Pacific coast. With the…","Cheap Air France/KLM de regionibus Balticis et Nordic usque ad Peruviam de €688 pugnat. Peruvia est patria ubi antiquae Incapae urbes e nubibus emergunt, alpacas sub montibus niveis vagantur, mercatus varios vias colonias implent, et landscapes ab Andibus ad Amazonum saltus et littus Pacifici obturbationem mutant. Cum…",2026-07-03 20:02:31+00:00
5aea6e40cf451e5420d38055c8c3102a,2026-07-03T19:20:00Z,'snow',www.animenewsnetwork.com,en,0.7,"Ize Press Licenses Legroom, Philomel the Fake, Footsteps in the Snow for January 2027 Print Release","Full-color paperback editions will be available at bookstores, comic shops, online retailers beginning in January 2027",https://www.animenewsnetwork.com/news/2026-07-03/ize-press-licenses-legroom-philomel-the-fake-footsteps-in-the-snow-for-january-2027-print-release/.239212,https://www.animenewsnetwork.com/thumbnails/crop600x315gG3/cms/news.9/239212/philomel-the-fake-cnf.jpg,,"Ize Press announced at its Anime Expo industry panel on Friday that it has licensed three more Korean webtoons for English print publication: Legroom, Philomel the Fake, and Footsteps in the Snow. Al… [+1889 chars]",,"Ize Press lizenziert Legroom, Philomel the Fake, Footsteps in the Snow für die Druckveröffentlichung im Januar 2027. Vollfarbige Taschenbuchausgaben werden ab Januar 2027 in Buchhandlungen, Comic-Läden und Online-Händlern erhältlich sein","Ize Press Licenses Legroom, Philomel the Fake, Footsteps in the Snow for January 2027 Print Release. Full-color paperback editions will be available at bookstores, comic shops, online retailers beginning in January 2027","Ize Press licentias Legroom, Philomela Fake, Footsteps in nive pro January 2027 Print Release. Full-color paperback editiones praesto erunt apud bibliopolios, tabernas comicas, venditores online mense Ianuario 2027 incipientes",2026-07-05 09:31:12+00:00
82b60adb1a505cce7e06e787d7c6dfa6,2026-07-04T04:15:00Z,'snow',www.irishtimes.com,en,0.7,Indie Kylie Minogue is back thanks to Snow Patrol. Can we keep her for a little while?,"‘No one willingly wants to be indie,’ Nick Cave says. The good news for Impossible Princess loyalists is that Minogue just might",https://www.irishtimes.com/culture/2026/07/04/indie-kylie-minogue-is-back-thanks-to-snow-patrol-can-we-keep-her-for-a-little-while/,https://www.irishtimes.com/resizer/v2/4BQOUSVZFJBEBN2E4DDH3R5I2A.jpg?smart=true&auth=f453169718fae025de680dfb226ccc9408164cf075f5d8d1ceec5db13d09bd6d&width=1200&height=630,http://web.archive.org/web/20260704053604/https://www.irishtimes.com/culture/2026/07/04/indie-kylie-minogue-is-back-thanks-to-snow-patrol-can-we-keep-her-for-a-little-while/,"Has Kylie Minogue resurrected her short-lived Indie Kylie incarnation for another spin? The evidence is strong. This week brought the release of These Alarms, her collaboration with Snow Patrol. Defi… [+4903 chars]",,"Die Indie-Künstlerin Kylie Minogue ist dank Snow Patrol zurück. Können wir sie für eine Weile behalten? „Niemand möchte freiwillig Indie sein“, sagt Nick Cave. Die gute Nachricht für Anhänger von „Impossible Princess“ ist, dass Minogue es durchaus schaffen könnte","Indie Kylie Minogue is back thanks to Snow Patrol. Can we keep her for a little while?. ‘No one willingly wants to be indie,’ Nick Cave says. The good news for Impossible Princess loyalists is that Minogue just might","Indie Kylie Minogue est reversus gratias Nivis Patrol. Possumusne eam paulisper tenere? 'Nemo libenter vult esse indie', 'Nick Cave' dicit. Bonum nuntium pro Impossibile Principem optimatum est Minogue iustus potens",2026-07-05 09:31:12+00:00
e50f98f92b7c84dd31198af59e762d9d,2026-07-03T14:31:30Z,'snow ice',slickdeals.net,en,0.7,$39.99: Nostalgia Retro Snow Cone Maker Countertop 5-qt Shaved Ice Machine Stainless Steel Blades Pink,"Amazon.com [amazon.com] has *Nostalgia Retro Snow Cone Maker – Countertop 5-qt Shaved Ice Machine – Stainless Steel Blades – Includes 2 Reusable Cups, Ice Scoop, & Sid Shelf – Pink* on sale for...",https://slickdeals.net/f/19717626-39-99-nostalgia-retro-snow-cone-maker-countertop-5-qt-shaved-ice-machine-stainless-steel-blades-pink,https://slickdeals.net/attachment/8/6/7/1/9/450x450/20891520.thumb,,"This collaborative space allows users to contribute additional information, tips, and insights to enhance the original deal post. Feel free to share your knowledge and help fellow shoppers make infor… [+26 chars]",,"39,99 $: Nostalgia Retro Snow Cone Maker Arbeitsplatte 5-qt Rasiereismaschine Edelstahlklingen Pink. Amazon.com [amazon.com] hat *Nostalgia Retro Snow Cone Maker – Aufsatz-5-qt-Schneeeismaschine – Edelstahlklingen – Inklusive 2 wiederverwendbaren Bechern, Eisschaufel und seitlicher Ablage – Pink* im Angebot für...","$39.99: Nostalgia Retro Snow Cone Maker Countertop 5-qt Shaved Ice Machine Stainless Steel Blades Pink. Amazon.com [amazon.com] has *Nostalgia Retro Snow Cone Maker – Countertop 5-qt Shaved Ice Machine – Stainless Steel Blades – Includes 2 Reusable Cups, Ice Scoop, & Sid Shelf – Pink* on sale for...","$39.99: Peractorum Retro Nivis Cone Factoris Countertop 5-qt Shaved Ice Machine Diver Laminae Pink. Amazon.com [amazon.com] habet *Desiderium Retro Nivis Coni Factoris - Countertop 5-qt Shaved Ice Machina - Immaculata Ferri Laminae - Includes 2 Cucurbitulae Reusable, Ice Scoope, & Sid Shelf - Pink* de sale for...",2026-07-05 19:55:16+00:00
cd3aaa06efed2108420bfc5caec56c67,2026-07-03T05:49:32Z,'snow',www.lifesciencesworld.com,en,0.9,Do ferrets like the snow?,"Do Ferrets Like the Snow? A Deep Dive into Winter Fun for Fuzzy Companions Ferrets and snow can be a fun combination, but it’s crucial to understand their limitations. Yes, ferrets can enjoy playing in the snow, but extreme caution and proper preparation are …",https://www.lifesciencesworld.com/do-ferrets-like-the-snow/,,,"Do Ferrets Like the Snow? A Deep Dive into Winter Fun for Fuzzy Companions
Ferrets and snow can be a fun combination, but it’s crucial to understand their limitations. Yes, ferrets can enjoy playing… [+7548 chars]",,"Mögen Frettchen den Schnee? Mögen Frettchen den Schnee? Ein tiefer Einblick in den Winterspaß für flauschige Begleiter Frettchen und Schnee können eine lustige Kombination sein, aber es ist wichtig, ihre Grenzen zu verstehen. Ja, Frettchen können gerne im Schnee spielen, aber äußerste Vorsicht und richtige Vorbereitung sind erforderlich …","Do ferrets like the snow?. Do Ferrets Like the Snow? A Deep Dive into Winter Fun for Fuzzy Companions Ferrets and snow can be a fun combination, but it’s crucial to understand their limitations. Yes, ferrets can enjoy playing in the snow, but extreme caution and proper preparation are …","Numquid sicut nix ferrets ?. Numquid Ferrets Nix? A Deep Dive into Winter Fun for Fuzzy Companions Ferrets et nives possunt esse iocum iuncturae, sed limitationes suas intelligere crucialit. Immo galgos in nive ludentes frui possunt, sed summa cautela et praeparatio propria sunt...",2026-07-05 19:55:16+00:00
cabf4fe92a4e144e31d55d04ea3c0ef1,2026-07-03T10:14:21Z,'snow ice',www.channelnewsasia.com,en,0.9,Swiss glaciers rapidly lose protective snow in punishing European heatwave,"OBERGOMS: Snow on Swiss glaciers disappeared weeks earlier than usual this summer under the glare of a European heatwave, pitching the Alps into another year of heavy ice loss, scientists",https://www.channelnewsasia.com/sustainability/swiss-glaciers-rapidly-lose-protective-snow-in-punishing-european-heatwave-6230351,"https://dam.mediacorp.sg/image/upload/s--X5G6SnCd--/c_crop,h_449,w_799,x_1,y_92/c_fill,g_auto,h_676,w_1200/fl_relative,g_south_east,l_mediacorp:cna:watermark:2024-04:reuters_1,w_0.1/f_auto,q_auto/v1/one-cms/core/2026-07-03T094500Z_1_LYNXMPEM620JD_RTROPTP_3_EUROPE-WEATHER-SWISS-GLACIERS.JPG?itok=SvmsEK3i",,"OBERGOMS: Snow on Swiss glaciers disappeared weeks earlier than usual this summer under the glare of a European heatwave, pitching the Alps into another year of heavy ice loss, scientists say.
Resea… [+1446 chars]",,"Schweizer Gletscher verlieren durch die europäische Hitzewelle schnell schützenden Schnee. OBERGOMS: Der Schnee auf den Schweizer Gletschern verschwand diesen Sommer Wochen früher als sonst unter der Einwirkung einer europäischen Hitzewelle, was den Alpen ein weiteres Jahr mit starkem Eisverlust bescherte, so Wissenschaftler","Swiss glaciers rapidly lose protective snow in punishing European heatwave. OBERGOMS: Snow on Swiss glaciers disappeared weeks earlier than usual this summer under the glare of a European heatwave, pitching the Alps into another year of heavy ice loss, scientists","Helvetiae molibus perniciter tutelam nivem amittunt in puniendo heatwave Europaeae. OBERGOMS: Nix in Helvetiis molibus hebdomades evanuerunt ante solito hac aestate sub fulgor caloris Europaei, Alpes in alium annum positis gravibus glaciei amissionis, phisici",2026-07-05 19:55:16+00:00
6b7142e9b9d1187120c8f31135cb2847,2026-07-05T16:07:10Z,'snow',thomasw.dev,en,0.7,Installing A/UX 1.1 like it's the 90s,"Recently, I have been successful in making A/UX boot and run stable on my vintage Macintosh emulator; Snow. A/UX was Apple’s version of UNIX that ran on the 68k-based series Macs. It required a Memory Management Unit to achieve process isolation; either the o…",https://thomasw.dev/post/aux11/,,http://web.archive.org/web/20260705215335/https://thomasw.dev/post/aux11/,"Recently, I have been successful in making A/UX boot and run stable on my vintage
Macintosh emulator; Snow. A/UX was Apples version of UNIX
that ran on the 68k-based series Macs. It required a Memo… [+7205 chars]",,"Installation von A/UX 1.1 wie in den 90ern. Kürzlich ist es mir gelungen, A/UX auf meinem alten Macintosh-Emulator stabil booten und laufen zu lassen. Schnee. A/UX war Apples UNIX-Version, die auf den Macs der 68k-basierten Serie lief. Um eine Prozessisolation zu erreichen, war eine Speicherverwaltungseinheit erforderlich. entweder die o…","Installing A/UX 1.1 like it's the 90s. Recently, I have been successful in making A/UX boot and run stable on my vintage Macintosh emulator; Snow. A/UX was Apple’s version of UNIX that ran on the 68k-based series Macs. It required a Memory Management Unit to achieve process isolation; either the o…",Installing A/UX 1.1 sicut suus '90s'. Nuper bene sum in navi A/UX faciens et in vindemia mea Macintosh aemulator stabilis curro; Nix. A/UX erat versio Apple UNIX quae in serie 68k-basedarum Macs cucurrit. Memoriam Management Unitas requirebat ad processum solitarium perficiendum; aut o ...,2026-07-07 10:08:49+00:00
9a11aa4083090f999c5052cb4236de15,2026-07-03T11:05:25Z,'snow',www.yahoo.com,en,0.9,Swiss glaciers rapidly lose protective snow in punishing European heatwave,"OBERGOMS, Switzerland, July 3 (Reuters) - Snow on Swiss glaciers disappeared weeks earlier than usual this summer under the ‌glare of a European heatwave, pi...",https://www.yahoo.com/news/science/articles/swiss-glaciers-rapidly-lose-protective-094500107.html,https://s.yimg.com/lo/mysterio/api/3df058d3bfbca952ab7bc3feaad24ea9641b6ac5f0460c5dd02742bdb615192e/lightyear_networkapi/resizefill_w800_h600;quality_80;format_webp/https:%2F%2Fmedia.zenfs.com%2Fen%2Freuters.com%2F12b58e9ab1a1114df9b24095894a977e,http://web.archive.org/web/20260703100509/https://www.yahoo.com/news/science/articles/swiss-glaciers-rapidly-lose-protective-094500107.html,"By Cecile Mantovani
OBERGOMS, Switzerland, July 3 (Reuters) - Snow on Swiss glaciers disappeared weeks earlier than usual this summer under the glare of a European heatwave, pitching the Alps into a… [+1626 chars]",,"Schweizer Gletscher verlieren durch die europäische Hitzewelle schnell schützenden Schnee. OBERGOMS, Schweiz, 3. Juli (Reuters) – Der Schnee auf den Schweizer Gletschern verschwand diesen Sommer Wochen früher als sonst unter dem „Scheindruck“ einer europäischen Hitzewelle, Pi...","Swiss glaciers rapidly lose protective snow in punishing European heatwave. OBERGOMS, Switzerland, July 3 (Reuters) - Snow on Swiss glaciers disappeared weeks earlier than usual this summer under the ‌glare of a European heatwave, pi...","Helvetiae molibus perniciter tutelam nivem amittunt in puniendo heatwave Europaeae. OBERGOMS, in Helvetia, die 3 Iulii (Reuters) - Nix in Helvetiae molibus hebdomades evanuerunt ante solito hac aestate sub glare caloris Europaei, pi...",2026-07-07 10:08:49+00:00
6d15cc7835651083d59934bb03fae1f6,2026-07-05T20:54:06Z,'snow',freerepublic.com,en,0.9,Astronomy Picture of the Day - Saturn's Iapetus: Painted Moon,"Explanation: What has happened to Saturn's moon Iapetus? Vast sections of this strange world are dark as coal, while others are as bright as snow. To help better understand this unusually tinted moon, in 2007 NASA directed the robotic Cassini spacecraft then …",https://freerepublic.com/focus/f-chat/4386793/posts,,http://web.archive.org/web/20260706015314/https://freerepublic.com/focus/f-chat/4386793/posts,"Skip to comments.
Astronomy Picture of the Day - Saturn's Iapetus: Painted MoonNASA ^
 | 5 Jul, 2026
 | Image Credit: NASA, ESA, JPL, SSI, Cassini Imaging Team
Posted on 07/05/2026 1:54:06 PM PDT… [+1933 chars]",,"Astronomiebild des Tages – Saturns Iapetus: Gemalter Mond. Beschreibung: Was ist mit dem Saturnmond Iapetus passiert? Große Teile dieser seltsamen Welt sind dunkel wie Kohle, während andere so hell wie Schnee sind. Um diesen ungewöhnlich gefärbten Mond besser zu verstehen, steuerte die NASA 2007 die Roboter-Raumsonde Cassini …","Astronomy Picture of the Day - Saturn's Iapetus: Painted Moon. Explanation: What has happened to Saturn's moon Iapetus? Vast sections of this strange world are dark as coal, while others are as bright as snow. To help better understand this unusually tinted moon, in 2007 NASA directed the robotic Cassini spacecraft then …","Astronomia Picture of the day - Saturn's Iapetus: pingitur Luna. Explicatio: Quid accidit Iapeto lunae Saturni? Ingentes sectiones huius mundi peregrinae obscurae sunt sicut carbo, aliae vero tam clarae quam nix. Ut melius intellegeret hanc lunam solitam tinctam, anno 2007 NASA machinationem roboticam Cassini tunc ... direxit.",2026-07-08 04:52:05+00:00
32bcfc7b133c53c2879312feb68dc019,2026-07-06T04:10:34Z,'snow',pypi.org,en,0.9,snowtool 0.1.0,Snow analysis tool for basin forecasting,https://pypi.org/project/snowtool/0.1.0/,,,"A required part of this site couldnt load. This may be due to a browser
 extension, network issues, or browser settings. Please check your
 connection, disable any ad blockers, or try using a diffe… [+12 chars]",,Snowtool 0.1.0. Schneeanalysetool für die Vorhersage von Einzugsgebieten,snowtool 0.1.0. Snow analysis tool for basin forecasting,snowtool 0.1.0. Nix analysis instrumentum ad pelvim forecasting,2026-07-08 04:52:05+00:00
166f6c9a32031d139db732aa078dd087,2026-07-02T03:01:28Z,'snow',www.dailymail.com,en,0.9,Bitter polar blast to freeze millions of Aussies with snow dumps finally expected on our barren ski fields,A strong cold front lurking over the Great Australian Bight is surging towards Tasmania and the south-east mainland,https://www.dailymail.com/news/article-15946411/winter-blast-australia-cold-tasmania-snow-temperatures-sydney-melbourne.html,https://i.dailymail.com/1s/2026/07/02/02/109736145-0-image-a-13_1782956394054.jpg,,"Millions of Aussies are urged to rug up as a chilly winter blast sweeps across the nation this weekend, bringing freezing temperatures and snow.
Australia's south-east will feel the brunt of the con… [+5258 chars]",,"Eine heftige Polarexplosion lässt Millionen von Australiern erfrieren, und auf unseren kargen Skigebieten sind endlich Schneehaufen zu erwarten. Eine starke Kaltfront, die über der Großen Australischen Bucht lauert, drängt auf Tasmanien und das südöstliche Festland zu",Bitter polar blast to freeze millions of Aussies with snow dumps finally expected on our barren ski fields. A strong cold front lurking over the Great Australian Bight is surging towards Tasmania and the south-east mainland,Aussiae decies centena millia nivibus eri ad durandum amarum polarium exspectatur tandem in campis nostris sterilibus ski. Frons frigoris fortis latens in Magno Australiae Bight surgit ad Tasmaniam et continentem meridiem-orientalem.,2026-07-08 09:11:40+00:00
a7e51b2613838b5af4c6e3177193bcc9,2026-07-07T21:10:51Z,'snow',www.cosmopolitan.com,en,0.7,Jon Snow Is Back in the ‘Game of Thrones’ World and It’s Allowing Fans to Get a New Ending,Fans of 'Game of Thrones' can now change the ending of the series in a brand-new video game that lets fans play as the characters.,https://www.cosmopolitan.com/entertainment/a71854072/jon-snow-game-of-thrones-war-for-westeros-new-ending/,"https://hips.hearstapps.com/hmg-prod/images/e4ddf25b-5774-49ef-b997-98f16f330c37.jpg?crop=1xw:0.75xh;center,top&resize=1200:*",,"While House of the Dragon is certainly scratching our Game of Thrones itch, that doesnt mean that we dont miss the OG characters and story. And no matter what you thought about what happened at the e… [+1427 chars]",,"Jon Snow ist zurück in der Welt von „Game of Thrones“ und ermöglicht den Fans ein neues Ende. Fans von „Game of Thrones“ können jetzt das Ende der Serie in einem brandneuen Videospiel verändern, bei dem Fans in die Rolle der Charaktere schlüpfen können.",Jon Snow Is Back in the ‘Game of Thrones’ World and It’s Allowing Fans to Get a New Ending. Fans of 'Game of Thrones' can now change the ending of the series in a brand-new video game that lets fans play as the characters.,"Jon Snow Is Back in 'Lus thronorum' Mundus et permittens Fans novas Ending acquirere. Fans of 'Ludus Thronorum' iam mutare potest terminationem seriei in notae-novo video venationis, qui permittit ut ingenia fans ludit.",2026-07-09 05:47:50+00:00
c761753a2afb4f28defce6cf4b1310b2,2026-07-10T01:00:28Z,'snow ice',www.foxnews.com,en,0.7,Disney faces another box office shipwreck as 'Moana' remake on track to follow 'Snow White' to the bottom,"Disney's live-action ""Moana"" remake landed a 39% Rotten Tomatoes score as critics question why the studio remade a film less than a decade old.",https://www.foxnews.com/media/disney-faces-box-office-shipwreck-moana-remake-track-follow-snow-white-bottom,https://static.foxnews.com/foxnews.com/content/uploads/2026/07/dwayne-johnson-moana-fox-news.jpg,http://web.archive.org/web/20260710124950/https://www.foxnews.com/media/disney-faces-box-office-shipwreck-moana-remake-track-follow-snow-white-bottom,"Disney's live-action ""Moana"" remake heads to theaters amid poor early reviews and soft opening projections.
Industry experts project that the film could debut at around $60 million in North American… [+3464 chars]",,"Disney steht vor einem weiteren Kassenschlager, da die Neuverfilmung von „Moana“ auf dem besten Weg ist, „Schneewittchen“ in die Tiefe zu folgen. Disneys Live-Action-Remake „Moana“ erreichte bei Rotten Tomatoes eine Wertung von 39 %, da Kritiker sich fragen, warum das Studio einen Film neu gemacht hat, der weniger als ein Jahrzehnt alt ist.","Disney faces another box office shipwreck as 'Moana' remake on track to follow 'Snow White' to the bottom. Disney's live-action ""Moana"" remake landed a 39% Rotten Tomatoes score as critics question why the studio remade a film less than a decade old.","Disney ad alterum arcae officium naufragium respicit ut 'Moana' in semita reformare ut 'nivis White' ad fundum sequaris. Disney actio viva ""Moana"" reformandam exposuit 39% Putrida Tomatoes ustulo critici interrogant cur studio cinematographicum minus quam decennium refecit.",2026-07-11 08:25:23+00:00
24267853fdf8437e1bc758c3e59cf5a2,2026-07-10T15:22:13Z,'snow',www.wired.com,en,0.9,Hiboy P6 Fat Tire Electric Bike Review: Smooth Sailing,"Take on sand, snow, mud, gravel—this is the ebike for all your off-roading adventures.",https://www.wired.com/review/hiboy-p6-fat-tire-electric-bike/,"https://media.wired.com/photos/6a4fe1c4fc02327fac766866/191:100/w_1280,c_limit/Review--Hiboy-P6-Fat-Tire-Electric-Bike.jpg",,"Im 54, and even with the seat on the lowest setting where the balls of my feet could touch the ground, I felt a little unstable when the bike was stopped, particularly on steep inclines and declines.… [+1580 chars]",,"Testbericht zum Hiboy P6 Fat Tire Elektrofahrrad: Reibungsloses Segeln. Nehmen Sie es mit Sand, Schnee, Schlamm und Schotter auf – das ist das E-Bike für alle Ihre Offroad-Abenteuer.","Hiboy P6 Fat Tire Electric Bike Review: Smooth Sailing. Take on sand, snow, mud, gravel—this is the ebike for all your off-roading adventures.","Hiboy P6 Fat Tyrus Electric Bike Review: Smooth navigantes. Arenam, nivem, lutum, glaream sume — haec est ebike omnium tuorum extemporalium adventus.",2026-07-11 19:49:24+00:00
16fb10032caed552095479ed333153fc,2026-07-08T06:59:00Z,'snow ice',www.prnewswire.com,en,0.9,"Xinhua Silk Road: Int'l beer festival kicks off in ice and snow world of Harbin, NE China","BEIJING, July 8, 2026 /PRNewswire/ -- When the 24th Harbin International Beer Festival opened recently at Harbin Ice-Snow World, the ""ice city"" in northeast China welcomed visitors with not only a feast on the tip of the tongue, but also delightful festive ex…",https://www.prnewswire.com/news-releases/xinhua-silk-road-intl-beer-festival-kicks-off-in-ice-and-snow-world-of-harbin-ne-china-302820474.html,https://mma.prnewswire.com/media/3004764/6752c1a55d734da5ad36358a541e2968.jpg?p=facebook,http://web.archive.org/web/20260708175613/https://www.prnewswire.com/news-releases/xinhua-silk-road-intl-beer-festival-kicks-off-in-ice-and-snow-world-of-harbin-ne-china-302820474.html,"BEIJING, July 8, 2026 /PRNewswire/ -- When the 24th Harbin International Beer Festival opened recently at Harbin Ice-Snow World, the ""ice city"" in northeast China welcomed visitors with not only a fe… [+1405 chars]",,"Xinhua Silk Road: Internationales Bierfestival beginnt in der Eis- und Schneewelt von Harbin, Nordostchina. PEKING, 8. Juli 2026 /PRNewswire/ -- Als vor kurzem das 24. Harbin International Beer Festival in der Harbin Ice-Snow World eröffnet wurde, begrüßte die „Eisstadt“ im Nordosten Chinas die Besucher nicht nur mit einem Festmahl auf der Zunge, sondern auch mit köstlichen festlichen Erlebnissen…","Xinhua Silk Road: Int'l beer festival kicks off in ice and snow world of Harbin, NE China. BEIJING, July 8, 2026 /PRNewswire/ -- When the 24th Harbin International Beer Festival opened recently at Harbin Ice-Snow World, the ""ice city"" in northeast China welcomed visitors with not only a feast on the tip of the tongue, but also delightful festive ex…","Xinhua Silk Road: Int'l cervisiam festum calcibus off in glacie et nivis mundi Harbin, NE China. BEIJING, Die 8 Iulii 2026 /PRNewswire/ -- Cum dies 24 Harbin Internationalis Beer Festivitas nuper in Harbin Ice-Snow World aperuit, ""civitas glaciei"" in Sinis septentrionalibus hospites excepit, cum non solum festivitatem in linguae apice, sed etiam ex festivitate iucundissima ...",2026-07-12 04:59:04+00:00
c364cb26e4f3af8f274cf88e40707354,2026-07-01T08:49:01Z,'snow',www.boredpanda.com,en,0.7,World Maps: 48 Fascinating Facts About Rare Snowfall Regions,"These maps might not show you where you can dig up gold in your backyard, but they will definitely teach you some fun facts about our world!",https://www.boredpanda.com/interesting-random-maps-msn-2/,https://static.boredpanda.com/blog/wp-content/uploads/2022/10/interesting-random-maps-fb63.png,http://web.archive.org/web/20260705015217/https://www.boredpanda.com/interesting-random-maps-msn-2/,"“At the basic level, my project is about meaningful representation,” he explained. “Putting the marginalized, obscured, and erased onto or back onto the map, if only to give more urgency to certain c… [+1283 chars]",,"Weltkarten: 48 faszinierende Fakten über Regionen mit seltenem Schneefall. Diese Karten zeigen Ihnen vielleicht nicht, wo Sie in Ihrem Garten Gold ausgraben können, aber sie werden Ihnen auf jeden Fall ein paar interessante Fakten über unsere Welt vermitteln!","World Maps: 48 Fascinating Facts About Rare Snowfall Regions. These maps might not show you where you can dig up gold in your backyard, but they will definitely teach you some fun facts about our world!","Maps Orbis Terrarum: 48 Fascinating Rerum De Rare Regiones Snowfall. Hae tabulae tibi non ostendere possent ubi aurum in diam fodere potes, sed quaedam ludicra facta de nostro mundo certo docebunt!",2026-07-12 08:52:59+00:00
93cca63835af051f08d29ef748098eb1,2026-07-01T14:22:09Z,'snow',www.forbes.com,en,0.9,Why Canadian Snowbirds Are Rethinking Winters In America,"U.S. belligerence toward Canada is taking a toll. For many Canadian snowbirds, travel to the U.S. is becoming more of a burden than a joy. So what else is on their menu?",https://www.forbes.com/sites/andyjsemotiuk/2026/07/01/why-canadian-snowbirds-are-rethinking-winters-in-america/,https://imageio.forbes.com/specials-images/imageserve/6a05ee11effaf7c3162f8a4c/0x0.jpg?format=jpg&height=900&width=1600&fit=bounds,http://web.archive.org/web/20260702042152/https://www.forbes.com/sites/andyjsemotiuk/2026/07/01/why-canadian-snowbirds-are-rethinking-winters-in-america/,"Celebrating at a tropical Caribbean beach resort.
getty
For generations, the annual migration south has been a Canadian ritual as dependable as the first snowfall. Every winter, hundreds of thousan… [+6382 chars]",,Warum kanadische Schneevögel den Winter in Amerika überdenken. Die Kriegslust der USA gegenüber Kanada fordert ihren Tribut. Für viele kanadische Snowbirds wird die Reise in die USA eher zu einer Belastung als zu einer Freude. Was steht sonst noch auf ihrer Speisekarte?,"Why Canadian Snowbirds Are Rethinking Winters In America. U.S. belligerence toward Canada is taking a toll. For many Canadian snowbirds, travel to the U.S. is becoming more of a burden than a joy. So what else is on their menu?","Quare Canadian Snowbirds Recogitamus hiemes in America. US belligerentia in Canada est portorium. Multi Canadian nix, iter ad Americae plus oneris quam gaudio fit. Quid est ergo aliud in menu?",2026-07-12 08:52:59+00:00
327539573b38ddfecc6a990e599dbb31,2026-07-07T02:30:00Z,'snow',deadline.com,en,0.7,Orbital Studios Moving To Television City In Los Angeles,"Virtual production company Orbital Studios has a new brick-and-mortar home. The producer whose credits include Netflix’s Nemesis and FX’s upcoming The Drop: A Snowfall Saga is setting up shop at Television City in Los Angeles. Established in 2020, Orbital Stu…",http://deadline.com/2026/07/orbital-studios-moving-to-television-city-los-angeles-1236975338/,https://deadline.com/wp-content/uploads/2026/07/Orbital-Studios-Television-City.jpg?w=1024,http://web.archive.org/web/20260707193010/https://deadline.com/2026/07/orbital-studios-moving-to-television-city-los-angeles-1236975338/,Virtual production company Orbital Studios has a new brick-and-mortar home. The producer whose credits include Netflix’s Nemesis and FX’s upcoming The Drop: A Snowfall Saga is setting up shop at Tele… [+1954 chars],,"Orbital Studios ziehen in die Television City in Los Angeles. Die virtuelle Produktionsfirma Orbital Studios hat ein neues physisches Zuhause. Der Produzent, der unter anderem an Netflix‘ Nemesis und dem kommenden FX-Film The Drop: A Snowfall Saga mitgewirkt hat, lässt sich bei Television City in Los Angeles nieder. Orbital Stu…","Orbital Studios Moving To Television City In Los Angeles. Virtual production company Orbital Studios has a new brick-and-mortar home. The producer whose credits include Netflix’s Nemesis and FX’s upcoming The Drop: A Snowfall Saga is setting up shop at Television City in Los Angeles. Established in 2020, Orbital Stu…","Orbital Studios Moving To Television City In Los Angeles. Virtualis productio societas Studiorum Orbitalium novam domum lateris et mortariorum habet. Producentis cuius credita sunt Nemesis Netflix et FX ventura The Drop: A Snowfall Saga in urbe televisifica in Los Angeles tabernam monstrat. In MMXX, Orbital Stu ...",2026-07-13 05:06:04+00:00
d4d5fdc8164902f8e1905e277d75113e,2026-07-06T19:40:33Z,'snow',nikonrumors.com,en,0.9,Top 10 most viewed NikonRumors posts for June 2026,Here are the most popular NikonRumors posts for June 2026: The upcoming Nikon NIKKOR Z 120-300mm f/2.8 TC VR S lens spotted at Roland Garros Nikon is rumored to release a new Z9 firmware update addressing AF problems in heavy snowfall or rain Nikon is selling…,https://nikonrumors.com/2026/07/06/top-10-most-viewed-nikonrumors-posts-for-june-2026.aspx/,https://nikonrumors.com/wp-content/uploads/2026/06/Top-10-most-viewed-NikonRumors-posts.jpg,,"FCC disclosure statement: this post may contain affiliate links or promotions that do not cost readers anything but help keep this website alive. As an Amazon Associate, I earn from qualifying purcha… [+253 chars]",,"Top 10 der meistgesehenen NikonRumors-Beiträge für Juni 2026. Hier sind die beliebtesten NikonRumors-Beiträge für Juni 2026: Das kommende Nikon NIKKOR Z 120-300mm f/2.8 TC VR S-Objektiv wurde in Roland Garros gesichtet. Gerüchten zufolge veröffentlicht Nikon ein neues Z9-Firmware-Update, das AF-Probleme bei starkem Schneefall oder Regen behebt. Nikon verkauft…",Top 10 most viewed NikonRumors posts for June 2026. Here are the most popular NikonRumors posts for June 2026: The upcoming Nikon NIKKOR Z 120-300mm f/2.8 TC VR S lens spotted at Roland Garros Nikon is rumored to release a new Z9 firmware update addressing AF problems in heavy snowfall or rain Nikon is selling…,Top 10 maxime spectata NikonRumors nuntia pro Iunio 2026. Hic sunt populares NikonRumores nuntia pro Iunio 2026: Ventura Nikon NIKKOR Z 120-300mm f/2.8 TC VR S lens maculosa apud Roland Garros Nikon divulgatur nova Z9 firmware renovationem dimittere appellans AF problemata in gravibus nix vel pluviae Nikon vendit…,2026-07-13 05:06:04+00:00
337ac3a23b80fc6004bf8ecedaeb55e8,2026-07-11T19:18:07Z,'snow',www.cnn.com,en,0.9,This summer ski destination in the Andes isn’t getting enough snow,The classic postcard images of the Chilean capital of Santiago surrounded by the snow-covered Andes in winter now seem like pictures from the past.,https://www.cnn.com/2026/07/11/americas/chile-santiago-ski-snow-intl-latam,https://s.yimg.com/lo/mysterio/api/76be4df58805107990fc4a823e49c2b948c9e692bc30c165712f78878230007d/lightyear_networkapi/resizefill_w1200;quality_80;format_webp/https:%2F%2Fmedia.zenfs.com%2Fen%2Fcnn_articles_875%2F990560a7c24f44af399c96de0d78a416,,"The classic postcard images of the Chilean capital of Santiago surrounded by the snow-covered Andes in winter now seem like pictures from the past.
A yearslong drought that has plagued the country h… [+2920 chars]",,Dieses Sommer-Skigebiet in den Anden bekommt nicht genug Schnee. Die klassischen Postkartenbilder der chilenischen Hauptstadt Santiago inmitten der schneebedeckten Anden im Winter wirken heute wie Bilder aus der Vergangenheit.,This summer ski destination in the Andes isn’t getting enough snow. The classic postcard images of the Chilean capital of Santiago surrounded by the snow-covered Andes in winter now seem like pictures from the past.,Haec aestas ski destination in Andibus satis nives non questus est. In classica postcardorum imagines capitis Chilean Santiago nivibus Andibus nivibus obductis in hieme nunc apparent sicut imagines praeteriti temporis.,2026-07-13 05:06:04+00:00
c03aec2c39194577ee8dc2417be66466,2026-07-10T10:24:38Z,'snow ice',insidethemagic.net,en,0.7,"In Shocking Turn of Events, Disney’s Live-Action ‘Snow White’ Now Replaced","Disney’s Snow White (2025) has been replaced in a ranking of recent live-action remake releases. Disney’s live-action Moana (2026) has arrived in theaters, and the numbers are already telling a rough story. The film debuted on Rotten Tomatoes with a 36% criti…",https://insidethemagic.net/2026/07/in-shocking-turn-of-events-disneys-live-action-snow-white-now-replaced-th1/,https://insidethemagic.net/wp-content/uploads/2025/03/snow-white-rachel-zegler.jpg,http://web.archive.org/web/20260711180749/https://insidethemagic.net/2026/07/in-shocking-turn-of-events-disneys-live-action-snow-white-now-replaced-th1/,"Disney’s Snow White (2025) has been replaced in a ranking of recent live-action remake releases.
Credit: Disney
Disney’s live-action Moana (2026) has arrived in theaters, and the numbers are alread… [+4113 chars]",,In einer schockierenden Wendung der Ereignisse wurde Disneys Live-Action „Schneewittchen“ nun ersetzt. Disneys Schneewittchen (2025) wurde in einer Rangliste der jüngsten Realfilm-Remake-Veröffentlichungen ersetzt. Disneys Realverfilmung „Vaiana“ (2026) ist in den Kinos angekommen und die Zahlen sprechen schon jetzt für eine düstere Geschichte. Der Film debütierte bei Rotten Tomatoes mit einer Kritik von 36 % …,"In Shocking Turn of Events, Disney’s Live-Action ‘Snow White’ Now Replaced. Disney’s Snow White (2025) has been replaced in a ranking of recent live-action remake releases. Disney’s live-action Moana (2026) has arrived in theaters, and the numbers are already telling a rough story. The film debuted on Rotten Tomatoes with a 36% criti…","In Shocking Turn of Events, Disney's Live-Action's Snow White' Nunc Repositum. Disney's Nivis Alba (2025) substitutum est in missione recentium vivorum actionum reficiendas. Disney actio viva Moana (2026) in theatris venit, et numeri fabulam asperam iam narrant. Pellicula debuted in lycopersiciSusceptibility cum 36% criti putridum ...",2026-07-14 08:53:21+00:00
999521975f4b58d42d759ab8594f00ff,2026-07-07T07:30:00Z,'snow',www.archdaily.com,en,0.9,Architecture in the Andes: How Altitude Shapes Design Decisions,"The Andes are often understood as a continuous mountain range, yet they encompass a wide range of climates and ecosystems. In Ecuador, Peru, Bolivia, Colombia, and Chile, páramos, dry highlands, temperate valleys, and snow-covered landscapes can exist within …",https://www.archdaily.com/1042916/architecture-in-the-andes-how-altitude-shapes-design-decisions,https://images.adsttc.com/media/images/6a44/4fe1/8481/2b01/8af5/1a96/large_jpg/architecture-in-the-andes-how-altitude-shapes-design-decisions_2.jpg?1782861803,http://web.archive.org/web/20260708082448/https://www.archdaily.com/1042916/architecture-in-the-andes-how-altitude-shapes-design-decisions,"Rumilahua House / Luis Lopez Lopez y Emilio Lopez Herrera. Image © Sebastian Crespo
The Andes are often understood as a continuous mountain range, yet they encompass a wide range of climates and eco… [+818 chars]",,"Architektur in den Anden: Wie die Höhe Designentscheidungen beeinflusst. Die Anden werden oft als zusammenhängende Gebirgskette verstanden, umfassen jedoch ein breites Spektrum an Klimazonen und Ökosystemen. In Ecuador, Peru, Bolivien, Kolumbien und Chile können Páramos, trockenes Hochland, gemäßigte Täler und schneebedeckte Landschaften innerhalb … existieren.","Architecture in the Andes: How Altitude Shapes Design Decisions. The Andes are often understood as a continuous mountain range, yet they encompass a wide range of climates and ecosystems. In Ecuador, Peru, Bolivia, Colombia, and Chile, páramos, dry highlands, temperate valleys, and snow-covered landscapes can exist within …","Architectura in Andibus: Quomodo Altitude Shapes Design Decisiones. In Andes saepe accipiuntur pro iugis montium, amplis tamen climatibus et oecosystematibus circumcluduntur. In Ecuador, Peruvia, Bolivia, Colombia et Chile, Paramos, montana arida, valles temperatae, et campi nivei obducti intra ... existere possunt.",2026-07-15 08:58:24+00:00
f8ae0f49dc5a46ed2ac0c04d2da9044d,2026-07-05T13:06:00Z,'snow',apod.nasa.gov,en,0.9,APOD: 2026 July 5 – Saturns Iapetus: Painted Moon,"APOD: 2026 July 5 – Saturns Iapetus: Painted Moon 
What has happened to Saturn's moon Iapetus? 

Vast sections of 
this strange world are dark as 
coal, 
while others are as 
bright as snow. 

To help better understand this unusually tinted moon, 
in 2007 
NA…",https://apod.nasa.gov/apod/ap260705.html,,,"Discover the cosmos!
Each day a different image or photograph of our fascinating universe is featured, along with a brief explanation written by a professional astronomer.
2026 July 5 
Saturn's Ia… [+1520 chars]",,"APOD: 5. Juli 2026 – Saturns Iapetus: Gemalter Mond. APOD: 5. Juli 2026 – Saturns Iapetus: Gemalter Mond 
Was ist mit dem Saturnmond Iapetus passiert? 

Riesige Abschnitte von 
Diese seltsame Welt ist dunkel wie 
Kohle, 
während andere so sind 
hell wie Schnee. 

Um diesen ungewöhnlich gefärbten Mond besser zu verstehen, 
im Jahr 2007 
NA…","APOD: 2026 July 5 – Saturns Iapetus: Painted Moon. APOD: 2026 July 5 – Saturns Iapetus: Painted Moon 
What has happened to Saturn's moon Iapetus? 

Vast sections of 
this strange world are dark as 
coal, 
while others are as 
bright as snow. 

To help better understand this unusually tinted moon, 
in 2007 
NA…","APOD: 2026 July 5 - Saturns Iapetus: pingitur Luna. APOD: 2026 Die 5 Iulii - Saturnus Iapetus: Pingitur Luna 
Quid accidit Iapeto lunae Saturni? 

Ingentes sectiones of * 
hoc mundo in tenebris quasi 
carbo; 
dum alii sunt ut 
lucida sicut nix. 

Ad hoc utilius intelligas hanc tinctam lunam solitam esse; 
in 2007 
NA…",2026-07-15 19:50:20+00:00
7ebfd1c167c3cbe7a8a631b085b05fb6,2026-07-13T10:01:18Z,'snow ice',spacedaily.com,en,0.9,"Antarctica is classified as a desert because it receives less precipitation than the Sahara, yet it holds about 70 per cent of the planet’s fresh water, locked in an ice sheet averaging over two kilometres thick across the continent","Antarctica receives less precipitation than the Sahara, making it a desert by definition — yet its ice sheet, averaging over two kilometres thick, holds about 70 percent of the planet's fresh water. Here's how a place that barely snows became the largest fres…",https://spacedaily.com/j-antarctica-is-classified-as-a-desert-because-it-receives-less-precipitation-than-the-sahara-yet-it-holds-about-70-per-cent-of-the-planets-fresh-water-locked-in-an-ice-sheet-averaging-over-two-kilome/,https://spacedaily.com/wp-content/uploads/2026/07/j-antarctica-is-classified-as-a-desert-because-it-receives-l.jpg,http://web.archive.org/web/20260713121923/https://spacedaily.com/j-antarctica-is-classified-as-a-desert-because-it-receives-less-precipitation-than-the-sahara-yet-it-holds-about-70-per-cent-of-the-planets-fresh-water-locked-in-an-ice-sheet-averaging-over-two-kilome/,"The South Pole gets less snow in a year than Phoenix gets rain. At the Amundsen-Scott South Pole Station, where the United States has kept people alive continuously since 1957, the annual precipitati… [+8091 chars]",,"Die Antarktis wird als Wüste eingestuft, weil sie weniger Niederschläge erhält als die Sahara, dennoch befinden sich dort etwa 70 Prozent des Süßwassers des Planeten, eingeschlossen in einer durchschnittlich über zwei Kilometer dicken Eisdecke auf dem gesamten Kontinent. In der Antarktis fallen weniger Niederschläge als in der Sahara, was sie per Definition zu einer Wüste macht – doch ihre durchschnittlich über zwei Kilometer dicke Eisdecke enthält etwa 70 Prozent des Süßwassers des Planeten. So wurde ein Ort, an dem es kaum schneit, zum größten Fr...","Antarctica is classified as a desert because it receives less precipitation than the Sahara, yet it holds about 70 per cent of the planet’s fresh water, locked in an ice sheet averaging over two kilometres thick across the continent. Antarctica receives less precipitation than the Sahara, making it a desert by definition — yet its ice sheet, averaging over two kilometres thick, holds about 70 percent of the planet's fresh water. Here's how a place that barely snows became the largest fres…","Antarctica pro desertis indicatur quia minus praecipitationem quam Sahara recipit, tamen circiter 70 centesimae aquae dulcis planetae tenet, in scheda glaciei fere duobus chiliometris per continentem densis clausa. Antarctica minus praecipitationem quam Sahara recipit, eamque solitudinem definitione facit — tamen scheda glaciei eius, fere per duo chiliometra crassa, circiter 70 centesimas aquae dulcis planetae tenet. Hic est quomodo locus qui vix nives factus est maxima fres...",2026-07-15 19:50:20+00:00
0a121448f1f93ce8fc323d5e22b75d05,2026-07-15T06:36:48Z,'snowfall',economictimes.indiatimes.com,en,0.9,"Global weather datasets may be underestimating Himalayan snowfall, says international study","Global weather models significantly underestimate Himalayan snowfall, a new study found. This underestimation is particularly pronounced in the western Himalayas during major winter storms. Researchers used novel sensors and Archimedes' principle to gather ac…",https://economictimes.indiatimes.com/news/india/new-study-reveals-himalayan-snowfall-underestimated-by-global-datasets-threatening-water-security-and-climate-insights/articleshow/132408037.cms,"https://img.etimg.com/thumb/msid-132408284,width-1200,height-630,imgsize-251938,overlay-economictimes/articleshow.jpg",,"Some of the snowiest parts of the Himalayas may be receiving significantly more snowfall than existing global weather datasets indicate, according to a new international study. Scientists involved in… [+3808 chars]",,"Globale Wetterdatensätze könnten den Schneefall im Himalaya unterschätzen, heißt es in einer internationalen Studie. Laut einer neuen Studie unterschätzen globale Wettermodelle den Schneefall im Himalaya deutlich. Diese Unterschätzung ist im westlichen Himalaya bei großen Winterstürmen besonders ausgeprägt. Forscher nutzten neuartige Sensoren und das Archimedische Prinzip, um AC zu sammeln…","Global weather datasets may be underestimating Himalayan snowfall, says international study. Global weather models significantly underestimate Himalayan snowfall, a new study found. This underestimation is particularly pronounced in the western Himalayas during major winter storms. Researchers used novel sensors and Archimedes' principle to gather ac…","Global tempestas datasets Himalayan nix minoris aestimare potest, dicit studium internationale. Global tempestates exempla significanter nix Himalayan minoris aestimant, novum studium inventum est. Haec minoris aestimatio peculiariter pronuntiatur in Himalayas occidentalibus per maiores hiemes tempestates. Investigatores novorum sensoriis et Archimedis principio usi sunt ad colligendum ac…",2026-07-16 19:45:01+00:00
bebab7f0ea5961e8619b847bb3b518c4,2026-07-09T04:00:00Z,'snow ice',radaronline.com,en,0.9,"Top Roofing Companies in Fredericton, New Brunswick, Canada","The roofing service providers in Fredericton are the silent guardians, who protect homes and roofs from ice, Atlantic winds, and snowstorms.",https://radaronline.com/p/top-roofing-companies-in-fredericton-new-brunswick-canada/,https://media.radaronline.com/brand-img/rBu9Nleec/1200x628/resultvalerie-juliet-valdez-circle-inset-image-templates-1200-x-675-px-2026-07-06t215724090-1783400464875.png,,"The roofing service providers in Fredericton are the silent guardians who protect homes and roofs from ice, Atlantic winds, and snowstorms. The established companies offer solutions that meet the nee… [+3650 chars]",,"Top-Dachdeckerunternehmen in Fredericton, New Brunswick, Kanada. Die Dachdeckerdienstleister in Fredericton sind die stillen Wächter, die Häuser und Dächer vor Eis, Atlantikwinden und Schneestürmen schützen.","Top Roofing Companies in Fredericton, New Brunswick, Canada. The roofing service providers in Fredericton are the silent guardians, who protect homes and roofs from ice, Atlantic winds, and snowstorms.","Top Roofing Companies in Fredericton, New Brunswick, Canada. Provisores servitii in Fredericton texit silent custodes, qui domos et tecta a glacie, ventis Atlanticis, et nivibus tutantur.",2026-07-17 04:47:05+00:00
0173238b22478d45b8e13509c6927dcb,2026-07-10T11:30:34Z,'snow',www.cbc.ca,en,0.9,Why fire risk is already high this summer — despite a snowy winter and cool June for parts of N.L.,"A drought in 2025 contributed to Newfoundland and Labrador's current wildfire challenge, according to Memorial University of Newfoundland biogeography professor Carissa Brown. Environmental conditions and long-term weather forecasting point to well above norm…",https://www.cbc.ca/news/canada/newfoundland-labrador/nl-fire-risk-9.7265264,"https://i.cbc.ca/ais/1ab5d149-8b88-41fc-8a79-8efef01ddbe8,1783700056892/full/max/0/default.jpg?im=Crop%2Crect%3D%280%2C0%2C1920%2C1080%29%3BResize%3D620",,"After people in parts of the province living through a chilly, rainy ""Juneuary,"" it's only natural for some to wonder how Newfoundland and Labrador has already come to the point of all-hands wildfire… [+4854 chars]",,"Warum die Brandgefahr in diesem Sommer bereits hoch ist – trotz eines schneereichen Winters und eines kühlen Junis in Teilen von N.L. Eine Dürre im Jahr 2025 trug zur aktuellen Herausforderung durch Waldbrände in Neufundland und Labrador bei, so Carissa Brown, Professorin für Biogeographie an der Memorial University of Newfoundland. Umweltbedingungen und langfristige Wettervorhersagen deuten darauf hin, dass sie weit über dem Normalwert liegen …","Why fire risk is already high this summer — despite a snowy winter and cool June for parts of N.L.. A drought in 2025 contributed to Newfoundland and Labrador's current wildfire challenge, according to Memorial University of Newfoundland biogeography professor Carissa Brown. Environmental conditions and long-term weather forecasting point to well above norm…","Quare ignis periculum iam altum est hac aestate — quamquam hiemalis nivis et frigus mensis Iunii pro partibus N.L.. siccitas anno 2025 in Nova Terra et Labrador provocationem venalem feralis contulerit, secundum Memorial University of Newfoundland biogeographiae professoris Carissae Brown. Condiciones environmentales et diuturnum tempus tempestatum praenuntiant punctum ad bene supra normam ...",2026-07-17 19:43:39+00:00
39c201e9e75fb34ec468e8b561e3d638,2026-07-15T18:30:22Z,'slippery roads',thenextweb.com,en,0.3,Bliq.ai gets the green light for driverless cars in Finland,"Bliq.ai has won approval to run driverless cars in Finland, its second EU market after Estonia. First stop is a Helsinki winter. Europe has another driverless car heading for its roads. Finland has cleared Bliq.ai to operate its Bliq Driverless vehicles on pu…",https://thenextweb.com/news/bliq-driverless-finland-approval/,https://media.thenextweb.com/2026/07/Bliq-Founders.avif,http://web.archive.org/web/20260715232744/https://thenextweb.com/news/bliq-driverless-finland-approval,"Bliq.ai has won approval to run driverless cars in Finland, its second EU market after Estonia. First stop is a Helsinki winter.
Europe has another driverless car heading for its roads. Finland has … [+2155 chars]",,"Bliq.ai erhält grünes Licht für selbstfahrende Autos in Finnland. Bliq.ai hat die Genehmigung für den Betrieb selbstfahrender Autos in Finnland erhalten, dem zweiten EU-Markt nach Estland. Der erste Stopp ist ein Winter in Helsinki. In Europa ist ein weiteres selbstfahrendes Auto auf den Straßen unterwegs. Finnland hat Bliq.ai die Erlaubnis erteilt, seine fahrerlosen Bliq-Fahrzeuge auf öffentlichen Straßen zu betreiben…","Bliq.ai gets the green light for driverless cars in Finland. Bliq.ai has won approval to run driverless cars in Finland, its second EU market after Estonia. First stop is a Helsinki winter. Europe has another driverless car heading for its roads. Finland has cleared Bliq.ai to operate its Bliq Driverless vehicles on pu…","Bliq.ai lucem viridem ad currus aurigae in Finnia accipit. Bliq.ai probavit currus coegi in Finnia currere, alterum eius mercatum Europaeum post Estonia. Primum sistendum est Helsinkiensis hiemalis. Europa aliam currus aurigae pro viae habet. Finnia Bliq.ai purgavit ut eius Bliq Driverless vehiculis in pu... operaretur",2026-07-18 04:33:40+00:00
b4ce69c45c1f4b1018e11cf6825a313b,2026-07-12T10:30:05Z,'snow',www.nakedcapitalism.com,en,0.7,The Sunday Morning Movie Presents: Hószakadás AKA Snowfall (1974) Run Time: 1H 33M Plus Anil Seth On Why AI Is Not Conscious Plus Bonuses!,Hószakadás is a movie about life and death on the fringes of war.,https://www.nakedcapitalism.com/2026/07/the-sunday-morning-movie-presents-hoszakadas-aka-snowfall-1974-run-time-1h-33m-plus-anil-seth-on-why-ai-is-not-conscious-plus-bonuses.html,,http://web.archive.org/web/20260713055235/https://www.nakedcapitalism.com/2026/07/the-sunday-morning-movie-presents-hoszakadas-aka-snowfall-1974-run-time-1h-33m-plus-anil-seth-on-why-ai-is-not-conscious-plus-bonuses.html,"Greetings gentle readers and welcome to another installment of the Sunday Morning Movie. First, a note about the Bonus section. My YouTube algorithm is humming and I’m getting tons of rare music, his… [+7099 chars]",,"Der Sunday Morning Movie präsentiert: Hószakadás AKA Snowfall (1974) Laufzeit: 1H 33M Plus Anil Seth darüber, warum KI nicht bewusst ist, plus Boni!. Hószakadás ist ein Film über Leben und Tod am Rande des Krieges.",The Sunday Morning Movie Presents: Hószakadás AKA Snowfall (1974) Run Time: 1H 33M Plus Anil Seth On Why AI Is Not Conscious Plus Bonuses!. Hószakadás is a movie about life and death on the fringes of war.,Dies Solis Praesens Movie Praesentia: Hószakadás AKA Nivis (1974) Currite Time: 1H 33M Plus Anil Seth On Cur AI Non Conscious Plus Bonuses!. Hószakadás pellicula vitae et mortis est in fimbriis belli.,2026-07-18 08:26:34+00:00
17d984e86b7a514e15771af325bb5081,2026-07-12T10:40:54Z,'snowfall',biztoc.com,en,0.7,The Sunday Morning Movie Presents: Hószakadás AKA Snowfall (1974) Run Time: 1H 33M Plus Anil Seth On Why AI Is Not Conscious Plus Bonuses!,"Greetings gentle readers and welcome to another installment of the Sunday Morning Movie. First, a note about the Bonus section. My YouTube algorithm is humming and I’m getting tons of rare music, historical film footage, philosophical discussions, art, animat…",https://biztoc.com/x/8de8fb40d9b94fe2,https://biztoc.com/cdn/8de8fb40d9b94fe2_s.webp,,"Greetings gentle readers and welcome to another installment of the Sunday Morning Movie. First, a note about the Bonus section. My YouTube algorithm is humming and Im getting tons of rare music, hist… [+151 chars]",,"Der Sunday Morning Movie präsentiert: Hószakadás AKA Snowfall (1974) Laufzeit: 1H 33M Plus Anil Seth darüber, warum KI nicht bewusst ist, plus Boni!. Grüße liebe Leser und willkommen zu einer weiteren Folge des Sunday Morning Movie. Zunächst ein Hinweis zum Bonusbereich. Mein YouTube-Algorithmus brummt und ich bekomme jede Menge seltene Musik, historische Filmaufnahmen, philosophische Diskussionen, Kunst, Animationen …","The Sunday Morning Movie Presents: Hószakadás AKA Snowfall (1974) Run Time: 1H 33M Plus Anil Seth On Why AI Is Not Conscious Plus Bonuses!. Greetings gentle readers and welcome to another installment of the Sunday Morning Movie. First, a note about the Bonus section. My YouTube algorithm is humming and I’m getting tons of rare music, historical film footage, philosophical discussions, art, animat…","Dies Solis Praesens Movie Praesentia: Hószakadás AKA Nivis (1974) Currite Time: 1H 33M Plus Anil Seth On Cur AI Non Conscious Plus Bonuses!. Salvete lectores leves et gratam pensionem alterius diei dominici Matutini. Prima nota de sectione Bonus. Algorithmus meus YouTube fremit et questus sum tons rarae musicae, historiae pelliculae footagenae, disputationes philosophicae, ars, animat…",2026-07-18 08:26:34+00:00
867702dd30a5089479cca2916df119d2,2026-07-13T12:08:28Z,'snow',theconversation.com,en,0.9,"Himalayan snowfall has been miscalculated for years, here’s how we found a new way to measure it",Researchers designed a new way of collecting data about snowfall in the Himalayas which is much more accurate than the ones used before.,https://theconversation.com/himalayan-snowfall-has-been-miscalculated-for-years-heres-how-we-found-a-new-way-to-measure-it-287231,https://images.theconversation.com/files/747195/original/file-20260710-57-1tz14x.jpg?ixlib=rb-4.1.0&rect=0%2C500%2C6000%2C3000&q=45&auto=format&w=1356&h=668&fit=crop,http://web.archive.org/web/20260714004630/https://theconversation.com/himalayan-snowfall-has-been-miscalculated-for-years-heres-how-we-found-a-new-way-to-measure-it-287231,"Mountain snow and meltwater from glaciers in the Himalayas determine how much water is available for drinking, farming and hydropower for millions of people in India, Pakistan, Nepal, China and Afgha… [+5548 chars]",,"Der Schneefall im Himalaya wurde jahrelang falsch berechnet. Hier erfahren Sie, wie wir ihn auf neue Weise messen können. Forscher haben eine neue Methode zum Sammeln von Daten über Schneefälle im Himalaya entwickelt, die viel genauer ist als die bisher verwendeten.","Himalayan snowfall has been miscalculated for years, here’s how we found a new way to measure it. Researchers designed a new way of collecting data about snowfall in the Himalayas which is much more accurate than the ones used before.","nix Himalayan per annos divulgata est, hic quomodo novam viam metiendi eam invenimus. Investigatores inierunt novam viam colligendi notitias de nivibus in Himalayas quae multo accuratior quam antea usus est.",2026-07-18 08:26:34+00:00
dd7c8b838d673a6d78fe7ca28240432f,2026-07-14T18:00:00Z,'snow',www.nzherald.co.nz,en,0.9,Fresh snowfall kickstarts promising ski season for Mt Ruapehu,Tūroa recorded more than 30cm of fresh snow during the July 9–10 cold front.,https://www.nzherald.co.nz/whanganui-chronicle/news/fresh-snowfall-kickstarts-promising-ski-season-for-mt-ruapehu/56OLGHFFDFB7POZSGEKYRDI774/,https://www.nzherald.co.nz/resizer/v2/ZS47BYSSURDR5MFMLQRPNXP5SI.jpg?auth=b87a801ab537fab883ae75e02bb4c777a36720d83c94c248ac738381e0fe43a9&width=1200&height=675&quality=70&focal=940%2C673&smart=false,http://web.archive.org/web/20260714230320/https://www.nzherald.co.nz/whanganui-chronicle/news/fresh-snowfall-kickstarts-promising-ski-season-for-mt-ruapehu/56OLGHFFDFB7POZSGEKYRDI774/,"More than 2500 Ohakune Mardi Gras attendees have redeemed their complimentary day pass for Troa Ski Field, with many more expected to do so in the coming months.
The Movenpick, Alpine Meadow and Par… [+1809 chars]",,Neuschneefall leitet eine vielversprechende Skisaison für Mt. Ruapehu ein. Tūroa verzeichnete während der Kaltfront vom 9. bis 10. Juli mehr als 30 cm Neuschnee.,Fresh snowfall kickstarts promising ski season for Mt Ruapehu. Tūroa recorded more than 30cm of fresh snow during the July 9–10 cold front.,Nova nix kickstarts promittens ski tempore pro Mt Ruapehu. Tūroa exposita plus quam 30cm nivis recentis in fronte frigida 9—10 mense Iulio.,2026-07-18 08:26:34+00:00
4855ec894c7d0ff97ded7fa7a4e8c278,2026-07-13T21:00:00Z,'snow',www.indiewire.com,en,0.7,Have Disney’s Live-Action Remakes Run Their Course?,"The $43 million domestic opening for the live-action ""Moana"" is just a notch above last year's ""Snow White,"" well below industry expectations.",https://www.indiewire.com/news/box-office/moana-live-action-remake-box-office-disney-analysis-1235205027/,https://www.indiewire.com/wp-content/uploads/2026/07/MNA-T1_0028.jpg?w=650,http://web.archive.org/web/20260713221250/https://www.indiewire.com/news/box-office/moana-live-action-remake-box-office-disney-analysis-1235205027/,Part of the appeal of doing a live-action remake or a legacy-quel or reboot of some kind is that there’s a streaming bump. The original movie from 20 or 30 years earlier suddenly gets a surge of nost… [+3719 chars],,Haben Disneys Live-Action-Remakes ihren Lauf genommen? Der 43 Millionen US-Dollar teure Inlandsstart des Live-Actionfilms „Moana“ liegt nur eine Stufe über dem letztjährigen „Schneewittchen“ und liegt deutlich unter den Erwartungen der Branche.,"Have Disney’s Live-Action Remakes Run Their Course?. The $43 million domestic opening for the live-action ""Moana"" is just a notch above last year's ""Snow White,"" well below industry expectations.","Have Disney's Live-Action Remakes Curre Curriculum?. In $43 decies centena millia foramen domesticum ad vivam actionem ""Moana"" tantum incisura est supra anni proximi ""Nive White"" bene infra exspectationem industriam.",2026-07-19 08:57:13+00:00
9f710814e426347344c44424f90375d8,2026-07-15T14:26:28Z,'snow',www.slashfilm.com,en,0.7,"The Batman Part II First Look Reveals Robert Pattinson In The Snow, New Release Date","The Batman: Part II has gotten a new official release date, along with a sneak peek video featuring Robert Pattinson as the Dark Knight.",https://www.slashfilm.com/2215611/the-batman-part-2-first-look-video-robert-pattinson-snow/,https://www.slashfilm.com/img/gallery/the-batman-part-2-first-look-video-robert-pattinson-snow/l-intro-1784126892.jpg,,"After what feels like 84 years, we finally have our first proper look at ""The Batman: Part II"" thanks to writer/director Matt Reeves posting a camera test on Vimeo one that shows Robert Pattinson's B… [+1145 chars]",,"Der erste Blick auf „Batman Teil II“ enthüllt Robert Pattinson im Schnee, neues Erscheinungsdatum. Der Batman: Teil II hat einen neuen offiziellen Veröffentlichungstermin sowie ein Sneak-Peek-Video mit Robert Pattinson als Dark Knight.","The Batman Part II First Look Reveals Robert Pattinson In The Snow, New Release Date. The Batman: Part II has gotten a new official release date, along with a sneak peek video featuring Robert Pattinson as the Dark Knight.","SPECULATOR Pars II Prima Vultus Reveals Robert Pattinson In The Snow, Date New. SPECULATOR: Pars II novam emissionis officialem diem obtinuit, una cum peek video featuring Robert Pattinson sicut equitis obscuri.",2026-07-19 08:57:13+00:00
2d9435a6612ba0bc6af3f442ae531199,2026-07-16T13:04:15Z,'snow',slickdeals.net,en,0.7,Men's Columbia Burnsider Omni-Heat Insulated Infinity Snow Boots (2 Colors) $38.85 + Free S&H on $60+,"REI [rei.com] has *Columbia Burnsider Omni-Heat Infinity Men's Insulated Waterproof Snow Boots* on sale for *$38.83*. Shipping is free w/ REI Co-op membership [rei.com] ($30 lifetime), free on orders...",https://slickdeals.net/f/19767438-columbia-men-s-burnsider-omni-heat-infinity-insulated-waterproof-snow-boots-38-83-free-shipping-on-60,https://slickdeals.net/attachment/6/3/5/4/7/1/450x450/20999004.thumb,,"REI has Men's Columbia Burnsider Omni-Heat Insulated Infinity Snow Boots (2 Colors; various sizes) on sale for $38.83. Shipping is free on orders $60+, otherwise, shipping/handling is $7.99 or free w… [+232 chars]",,"Columbia Burnsider Omni-Heat Insulated Infinity Schneestiefel für Herren (2 Farben) 38,85 $ + kostenloser Versand und Versand ab 60 $. REI [rei.com] hat *Columbia Burnsider Omni-Heat Infinity isolierte wasserdichte Herren-Schneestiefel* für *38,83 $* im Angebot. Der Versand ist kostenlos mit REI Co-op-Mitgliedschaft [rei.com] (30 $ lebenslang), kostenlos für Bestellungen ...","Men's Columbia Burnsider Omni-Heat Insulated Infinity Snow Boots (2 Colors) $38.85 + Free S&H on $60+. REI [rei.com] has *Columbia Burnsider Omni-Heat Infinity Men's Insulated Waterproof Snow Boots* on sale for *$38.83*. Shipping is free w/ REI Co-op membership [rei.com] ($30 lifetime), free on orders...","Hominum Columbia Burnsider Omni-Heat Insulated Infinitas Nivis Tabernus (2 Colores) $38.85 + Free S&H on $60+. REI [rei.com] has *Columbia Burnsider Omni-Heat Infinity Men's Insulated Waterproof Snow Boots* on sale for *$38.83*. Shipping is free w/ REI Co-op membership [rei.com] ($30 lives), free on orders...",2026-07-19 08:57:13+00:00
3243d7ae19f4ab03ebe74363065573f5,2026-07-07T14:01:20Z,'snow',petapixel.com,en,0.9,Stunning Camera Trap Survey Captures Elusive Snow Leopards Across China,"A camera trap survey led by the World Wide Fund for Nature (WWF) in remote parts of China has shed light on the elusive snow leopard.
[Read More]",https://petapixel.com/2026/07/07/stunning-camera-trap-survey-captures-elusive-snow-leopards-across-china/,https://petapixel.com/assets/uploads/2026/07/Snow-Leopard-Trail-Cameras.jpg,,"This snow leopard was caught on a camera trap in the Zhangye area of Qilian Mountain National Park, China.
A camera trap survey led by the World Wide Fund for Nature (WWF) in remote parts of China h… [+2615 chars]",,"Atemberaubende Kamerafallenuntersuchung fängt schwer fassbare Schneeleoparden in ganz China ein. Eine vom World Wide Fund for Nature (WWF) durchgeführte Kamerafallenuntersuchung in entlegenen Teilen Chinas hat Licht auf den scheuen Schneeleoparden geworfen.
[Mehr lesen]","Stunning Camera Trap Survey Captures Elusive Snow Leopards Across China. A camera trap survey led by the World Wide Fund for Nature (WWF) in remote parts of China has shed light on the elusive snow leopard.
[Read More]","Camera Captionem Survey attonitus Capturas Fallaces Nubila Leopardi Trans Sinis. Insidiae camerae percontatio ductus a Fundo Mundi pro Natura (WWF) in remotis Sinarum partibus lucem fallax nivis pardus effudit.
[Read More]",2026-07-19 08:57:13+00:00
1ab2ef45d045ab5ecf67ae401fafbe86,2026-07-10T22:35:24Z,'snow climate change',www.pbs.org,en,0.9,Dry winter leaves farmers along Colorado River facing greater water shortages,"This past winter was an extraordinarily dry one in the western U.S. A lack of snowpack that normally feeds the Colorado River has only deepened the impact of a drought affecting tens of millions in seven states and Mexico. Accelerated by climate change, the d…",https://www.pbs.org/newshour/show/dry-winter-leaves-farmers-along-colorado-river-facing-greater-water-shortages,https://d3i6fh83elv35t.cloudfront.net/static/2026/07/drying-1024x683.jpg,http://web.archive.org/web/20260712034853/https://www.pbs.org/newshour/show/dry-winter-leaves-farmers-along-colorado-river-facing-greater-water-shortages,This past winter was an extraordinarily dry one in the western U.S. A lack of snowpack that normally feeds the Colorado River has only deepened the impact of a drought affecting tens of millions in s… [+7307 chars],,"Der trockene Winter führt dazu, dass Landwirte entlang des Colorado River mit größerer Wasserknappheit konfrontiert sind. Der vergangene Winter war im Westen der USA außerordentlich trocken. Der Mangel an Schneedecke, die normalerweise den Colorado River speist, hat die Auswirkungen einer Dürre, von der Dutzende Millionen Menschen in sieben Bundesstaaten und Mexiko betroffen sind, nur noch verstärkt. Beschleunigt durch den Klimawandel, d…","Dry winter leaves farmers along Colorado River facing greater water shortages. This past winter was an extraordinarily dry one in the western U.S. A lack of snowpack that normally feeds the Colorado River has only deepened the impact of a drought affecting tens of millions in seven states and Mexico. Accelerated by climate change, the d…","Arida relinquit hieme agricolae per Colorado River versus maiora aquarum inopias. Haec hiems praeteritis extraordinarie sicca fuit in Americae occidentalis defectus nivis qui normaliter pascitur Flumen Colorado solum impulsum siccitatis afficiens decem decies centena millia in septem civitatibus et Mexico. Accelerata mutatione climatis, d…",2026-07-19 14:09:05+00:00
72fce1f38229631894555d497a12b0d3,2026-07-08T18:49:02Z,'snowfall',www.abc.net.au,en,0.9,"As snowfall declines, a key ingredient is keeping the ski season alive","Data shows snow depth has been declining in Australia since the 1950s, with resorts turning to snowmaking to guarantee a strong ski season.",https://www.abc.net.au/news/2026-07-09/snow-machines-climate-change-ski-season/106870830,https://live-production.wcms.abc-cdn.net.au/7b9cbf0150a60a6ac89734c1b6c94cc4?impolicy=wcms_watermark_news&cropH=2813&cropW=5000&xPos=0&yPos=0&width=862&height=485&imformat=generic,http://web.archive.org/web/20260708204010/https://www.abc.net.au/news/2026-07-09/snow-machines-climate-change-ski-season/106870830,"Perisher's Front Valley snow cam from June 27 to July 7.
Supplied
Five years ago the ski lifts at Tasmania's Ben Lomond resort operated for 17 days of the year. 
In 2023, that number increased to … [+10294 chars]",,"Da der Schneefall zurückgeht, ist es ein wichtiger Faktor, die Skisaison am Leben zu erhalten. Daten zeigen, dass die Schneehöhe in Australien seit den 1950er Jahren zurückgegangen ist und die Skigebiete auf Beschneiung umgestiegen sind, um eine starke Skisaison zu gewährleisten.","As snowfall declines, a key ingredient is keeping the ski season alive. Data shows snow depth has been declining in Australia since the 1950s, with resorts turning to snowmaking to guarantee a strong ski season.","Sicut nix defluit, clavis ingrediens pro ski tempore vivit. Data ostendit altitudinem nivis in Australia declivis fuisse ab annis 1950, cum frequentat conversiones ad nives tempus validum praestandi.",2026-07-19 19:49:32+00:00
134b5dd0c77d0fa8469766937e655344,2026-07-17T19:05:08Z,'snow',post.rlsbb.cc,en,0.7,Yes Your Grace 2 Snowfall v1.2.2-Razor1911,"Release Description:Yes, Your Grace: Snowfall is a cinematic kingdom management game. Take on the role of a King, manage resources, support your loved ones, and make difficult decisions to see your kingdom prosper or fail. Dive into a Slavic-folklore inspired…",https://post.rlsbb.cc/yes-your-grace-2-snowfall-v1-2-2-razor1911/,,,"Release Description:
Yes, Your Grace: Snowfall is a cinematic kingdom management game. Take on the role of a King, manage resources, support your loved ones, and make difficult decisions to see your… [+1520 chars]",,"Ja Euer Gnaden 2 Snowfall v1.2.2-Razor1911. Veröffentlichungsbeschreibung: Ja, Euer Gnaden: Snowfall ist ein filmisches Königreich-Managementspiel. Übernehmen Sie die Rolle eines Königs, verwalten Sie Ressourcen, unterstützen Sie Ihre Lieben und treffen Sie schwierige Entscheidungen, damit Ihr Königreich gedeiht oder scheitert. Tauchen Sie ein in ein von der slawischen Folklore inspiriertes…","Yes Your Grace 2 Snowfall v1.2.2-Razor1911. Release Description:Yes, Your Grace: Snowfall is a cinematic kingdom management game. Take on the role of a King, manage resources, support your loved ones, and make difficult decisions to see your kingdom prosper or fail. Dive into a Slavic-folklore inspired…","Ita Tua Gratia 2 Snowfall v1.2.2-Razor1911. Dimitte Description: Ita, gratia tua: Snowfall, cinematicum est regnum administratione venationis. Suscipe partes regis, opes administra, tuos sustenta tuos, ac difficilia fac consilia, ut regnum tuum prosperum vel deficiat. Dive in Slavico-folklore inspiratus…",2026-07-20 09:44:59+00:00
032df7cbfe61757589e0141626bc293d,2026-07-17T18:21:05Z,'slippery roads',punchng.com,en,0.3,Rainy season: TRACE warns motorists against driving through flooded roads,"TRACE advises Ogun motorists on safe driving in rain, warning against flooded roads and urging caution to prevent accidents during the rainy season.

Read More: https://punchng.com/rainy-season-trace-warns-motorists-against-driving-through-flooded-roads/",https://punchng.com/rainy-season-trace-warns-motorists-against-driving-through-flooded-roads/,https://punchng.com/wp-content/uploads/2026/06/OIP-38_1782752110.webp,http://web.archive.org/web/20260718032611/https://punchng.com/rainy-season-trace-warns-motorists-against-driving-through-flooded-roads/,"The Ogun State Traffic Compliance and Enforcement Corps has advised motorists to avoid driving through flooded roads and adopt safe driving practices to reduce road crashes during the rainy season.
… [+1713 chars]",,"Regenzeit: TRACE warnt Autofahrer davor, durch überflutete Straßen zu fahren. TRACE berät Ogun-Autofahrer zum sicheren Fahren bei Regen, warnt vor überfluteten Straßen und mahnt zur Vorsicht, um Unfälle während der Regenzeit zu verhindern.

Lesen Sie mehr: https://punchng.com/rainy-season-trace-warns-motorists-against-driving-through-flooded-roads/","Rainy season: TRACE warns motorists against driving through flooded roads. TRACE advises Ogun motorists on safe driving in rain, warning against flooded roads and urging caution to prevent accidents during the rainy season.

Read More: https://punchng.com/rainy-season-trace-warns-motorists-against-driving-through-flooded-roads/","Pluviosum tempus: VESTIGIUM monet motoristae contra pulsis per vias inundatas. VESTIGIUM motoristae monet Ogun de tuta pluvia incessu, monens contra vias inundatas et cautelam monens ne accidentia tempore pluvioso.

Lege More: https://punchng.com/rainy-season-trace-warns-motorists-against-driving-through-flooded-roads/",2026-07-21 20:05:31+00:00
3e4717d4e49d9e06640982887679596f,2026-07-21T06:45:13Z,'snow',www.sneakerfiles.com,en,0.7,Nike Caitlin 1 “Snow White” Releases Holiday 2026,"The Nike Caitlin 1 “Snow White” will be released during the Holiday 2026 season. One of the cleanest colorways of...
The post Nike Caitlin 1 “Snow White” Releases Holiday 2026 appeared first on .",https://www.sneakerfiles.com/nike-caitlin-1-snow-white/,https://www.sneakerfiles.com/wp-content/uploads/2026/07/nike-caitlin-1-snow-white-IH7423-100.jpg,,"The Nike Caitlin 1 Snow White will be released during the Holiday 2026 season. One of the cleanest colorways of Caitlin Clark’s first signature shoe, the pair features a mostly White build with subtl… [+2093 chars]",,"Nike Caitlin 1 „Snow White“ erscheint in der Feiertagssaison 2026. Der Nike Caitlin 1 „Snow White“ wird während der Feiertagssaison 2026 veröffentlicht. Eine der saubersten Farbvarianten von...
Der Beitrag „Nike Caitlin 1 „Snow White“ veröffentlicht Feiertag 2026“ erschien zuerst auf .","Nike Caitlin 1 “Snow White” Releases Holiday 2026. The Nike Caitlin 1 “Snow White” will be released during the Holiday 2026 season. One of the cleanest colorways of...
The post Nike Caitlin 1 “Snow White” Releases Holiday 2026 appeared first on .","Nike Caitlin 1 ""Nive Alba"" Feriae Feriae 2026. Nike Caitlin 1 ""Nivis Alba"" in ferias 2026 tempore solvetur. Una mundissima colorways de ...
Post Nike Caitlin 1 ""Nives White"" Releases Feriae 2026 prima die apparuit.",2026-07-22 14:37:54+00:00
b500d5c9cac5205d6c80bb2874e488a1,2026-07-21T14:20:48Z,'snow',post.rlsbb.cc,en,0.7,Anotr – Withness (2026),"Tracklist:01 - Withness02 - Like It03 - Do It With Ya (feat. 3DDY)04 - Interlude05 - Faster (feat. 3DDY)06 - Crazy (feat. 3DDY & PAMÉ)07 - Talk To You (feat. 54 Ultra)08 - It's So Nice (feat. 3DDY)09 - Paradise10 - Hold On, Let Go (feat. WAYNE SNOW & 3DDY)11 …",https://post.rlsbb.cc/anotr-withness-2026/,,,Tracklist:01 - Withness02 - Like It03 - Do It With Ya (feat. 3DDY)04 - Interlude05 - Faster (feat. 3DDY)06 - Crazy (feat. 3DDY &amp; PAMÉ)07 - Talk To You (feat. 54 Ultra)08 - It's So Nice (feat. 3DD… [+259 chars],,"Anotr – Withness (2026). Tracklist:01 - Withness02 - Like It03 - Do It With Ya (feat. 3DDY)04 - Interlude05 - Faster (feat. 3DDY)06 - Crazy (feat. 3DDY & PAMÉ)07 - Talk To You (feat. 54 Ultra)08 - It's So Nice (feat. 3DDY)09 - Paradise10 - Hold On, Let Go (feat. WAYNE SNOW & 3DDY)11 …","Anotr – Withness (2026). Tracklist:01 - Withness02 - Like It03 - Do It With Ya (feat. 3DDY)04 - Interlude05 - Faster (feat. 3DDY)06 - Crazy (feat. 3DDY & PAMÉ)07 - Talk To You (feat. 54 Ultra)08 - It's So Nice (feat. 3DDY)09 - Paradise10 - Hold On, Let Go (feat. WAYNE SNOW & 3DDY)11 …",Anotr - Withness (2026). Tracklist:01 - Withness02 - Amo It03 - Fac Cum Ya (feat. 3DDY)04 - Interlude05 - Velocius (feat. 3DDY)06 - Ave (feat. 3DDY & PAMÉ)07 - Loqui tibi (feat. 54 Ultra)08 - Sic Nice (feat. 3DDY)09 - Paradise10 - Tene.,2026-07-22 14:37:54+00:00
a3af3aa48eb5bf286ec2ffdb780e9d14,2026-07-21T06:24:07Z,'snow',abcnews.com,en,0.9,Ski enthusiasts flock to sub-Saharan Africa and a snowy mountain resort in Lesotho,"Lesotho attracts thousands each winter to its unique ski resort, the only such tourist attraction in sub-Saharan Africa",https://abcnews.com/International/wireStory/ski-enthusiasts-flock-saharan-africa-snowy-mountain-resort-134938934,https://i.abcnewsfe.com/a/cf938833-cf64-402f-843d-7572a2a1ffdf/wirestory_801dd6efc429feeabb874087e155ae32_16x9.jpg?w=1600,,"BUTHA-BUTHE, Lesotho -- One may not expect thousands to flock each winter to Lesotho but for many ski enthusiasts from across southern Africa, the small, landlocked mountain kingdom has become the go… [+4140 chars]",,"Skibegeisterte strömen nach Afrika südlich der Sahara und in ein verschneites Bergresort in Lesotho. Lesotho lockt jeden Winter Tausende in sein einzigartiges Skigebiet, die einzige Touristenattraktion dieser Art in Afrika südlich der Sahara","Ski enthusiasts flock to sub-Saharan Africa and a snowy mountain resort in Lesotho. Lesotho attracts thousands each winter to its unique ski resort, the only such tourist attraction in sub-Saharan Africa","Ski fanatici confluunt ad sub-Africam Saharan et montem nivis conveniunt in Lesotho. Lesotho mille singulas hiemes ad suam singularem ski obstinationem allicit, sola talis VIATOR attractio in sub-Africa Saharensi",2026-07-22 14:37:54+00:00
46243939f22c1b7f64f94151b9275523,2026-07-21T07:30:01Z,'snow',inrng.com,en,0.9,Postcard from Evian,"Thirsty? Today’s stage starts in Evian-les-Bains to give it the full name, but as Evian it’s one of those places more famous as a consumer brand of than a town. Spring water is abundant in the Alps, there are many fountains supplied by abundant rain and snow …",https://inrng.com/2026/07/postcard-from-evian/,https://inrng.com/wp-content/uploads/2023/12/inrng_logo-120.png,,"Thirsty? Today’s stage starts in Evian-les-Bains to give it the full name, but as Evian it’s one of those places more famous as a consumer brand of than a town.
Spring water is abundant in the Alps,… [+3497 chars]",,"Postkarte aus Evian. Durstig? Die heutige Etappe beginnt in Evian-les-Bains, wie es mit vollem Namen heißt, aber als Evian ist es einer dieser Orte, der eher als Verbrauchermarke als als Stadt bekannt ist. Quellwasser ist in den Alpen reichlich vorhanden, es gibt viele Quellen, die durch reichlich Regen und Schnee gespeist werden …","Postcard from Evian. Thirsty? Today’s stage starts in Evian-les-Bains to give it the full name, but as Evian it’s one of those places more famous as a consumer brand of than a town. Spring water is abundant in the Alps, there are many fountains supplied by abundant rain and snow …","Postcard ab Eviano. Sitiens? Scaena hodie incipit in Evian-les-Bains nomen plenum dare, sed Evian unum ex illis locis clarior est tamquam notam doloris quam oppidi. Aqua fontis abundat in Alpibus, multi fontes imbribus ac nivis subministrantur.",2026-07-22 14:37:54+00:00
836dc889989715d1f380de98860f94c0,2026-07-21T08:12:33Z,'snow',www.livemint.com,en,0.9,Ski enthusiasts flock to sub-Saharan Africa and a snowy mountain resort in Lesotho,Ski enthusiasts flock to sub-Saharan Africa and a snowy mountain resort in Lesotho,https://www.livemint.com/companies/ski-enthusiasts-flock-to-sub-saharan-africa-and-a-snowy-mountain-resort-in-lesotho-11784621553824.html,https://www.livemint.com/lm-img/img/2024/12/06/1600x900/logo/company_1_1733464951182_1733464958176.png,,"BUTHA-BUTHE, Lesotho (AP) One may not expect thousands to flock each winter to Lesotho but for many ski enthusiasts from across southern Africa, the small, landlocked mountain kingdom has become the … [+4213 chars]",,Skibegeisterte strömen nach Afrika südlich der Sahara und in ein verschneites Bergresort in Lesotho. Skibegeisterte strömen nach Afrika südlich der Sahara und in ein verschneites Bergresort in Lesotho,Ski enthusiasts flock to sub-Saharan Africa and a snowy mountain resort in Lesotho. Ski enthusiasts flock to sub-Saharan Africa and a snowy mountain resort in Lesotho,Ski fanatici confluunt ad sub-Africam Saharan et montem nivis conveniunt in Lesotho. Ski fanatici concurrunt ad sub-Africae Saharensia et montem nivis conveniunt in Lesotho,2026-07-22 14:37:54+00:00
2eae9258797a38e8b63f90967d5a061f,2026-07-21T09:00:00Z,'snow',prospect.org,en,0.9,FEMA’s Summer Snowpocalypse,"The Trump administration’s partisan warfare leaves the emergency management agency skidding into bureaucratic snowbanks and confronting angry Democratic lawmakers.
The post FEMA’s Summer Snowpocalypse appeared first on The American Prospect.",http://prospect.org/2026/07/21/femas-summer-snowpocalypse-states-disaster-relief/,https://i0.wp.com/prospect.org/wp-content/uploads/2026/07/Gurley-FEMA-072126.jpg?fit=2000%2C1333&ssl=1,,"In mid-February, a fast-developing winter storm that had initially tracked off the northeastern Atlantic Coast made a turn toward land and exploded into bombogenesis, a bomb cyclone that dumped heavy… [+9558 chars]",,"FEMAs Sommer-Schneepokalypse. Der Partisanenkrieg der Trump-Regierung führt dazu, dass die Katastrophenschutzbehörde in bürokratische Schneewehen gerät und wütende demokratische Gesetzgeber konfrontiert.
Der Beitrag FEMAs Summer Snowpocalypse erschien zuerst auf The American Prospect.","FEMA’s Summer Snowpocalypse. The Trump administration’s partisan warfare leaves the emergency management agency skidding into bureaucratic snowbanks and confronting angry Democratic lawmakers.
The post FEMA’s Summer Snowpocalypse appeared first on The American Prospect.","FEMA Aestas Snowpocalypse. Militiae partis Trump administratio repentina procuratio propellente in nives officiales labentes exit et legislatoribus Democraticis iratus resistebat.
Post FEMA aestas Snowpocalypse primum in Prospectu Americano apparuit.",2026-07-22 14:37:54+00:00
308b95b299c7846feabceacef269b442,2026-07-09T13:15:26Z,'snow',eli.li,en,0.7,The Seed Beneath the Snow,"Jimmy Miller wrote a lovely response to Sean Goedecke’s “Seeing like a Software Company,” which you know is itself riffing on James C. Scott’s",https://eli.li/the-seed-beneath-the-snow,https://cdn.blot.im/blog_7b49675ad4964db5a10b2e055c3fc5d8/_avatars/46f6db9e-6ed0-4124-9580-7db796f1cacd.jpg,,"Jimmy Miller wrote a lovely response to Sean GoedeckesSeeing like a Software Company, which you know is itself riffing on James C. Scotts Seeing Like a State. I loved Jimmys response, and it felt to … [+7644 chars]",,"Der Samen unter dem Schnee. Jimmy Miller hat eine schöne Antwort auf Sean Goedeckes „Seeing like a Software Company“ geschrieben, das, wie Sie wissen, selbst an das von James C. Scott angelehnt ist","The Seed Beneath the Snow. Jimmy Miller wrote a lovely response to Sean Goedecke’s “Seeing like a Software Company,” which you know is itself riffing on James C. Scott’s","Semen Sub Nive. Jimmy Miller pulchre responsionem scripsit Sean Goedecke's ""Videre sicut Societas Software"", quam ipse scis se lacerare in Iacobum C. Scott.",2026-07-22 19:56:31+00:00
8c1274cb9ca9e5005376e5627d9fb79e,2026-07-11T00:12:58Z,'snow',www.bbc.co.uk,en,0.7,"Snow Patrol on 20 years of Chasing Cars, and their 'non-duet' with Kylie","The band look back on their biggest hit, and explain why their new single with Kylie isn't a duet.",https://www.bbc.co.uk/news/articles/cwykqqk1y3wo,https://ichef.bbci.co.uk/ace/branded_news/1200/cpsprodpb/ebab/live/3d3790f0-7abf-11f1-b541-536d253827b8.jpg,http://web.archive.org/web/20260712035137/https://www.bbc.co.uk/news/articles/cwykqqk1y3wo,"Ever wanted to write a song so huge it becomes your pension plan? Here's the secret: pretend you're making it for someone else.
That's what Snow Patrol's Gary Lightbody was doing back in 2005, in a … [+2548 chars]",,"Snow Patrol über 20 Jahre Chasing Cars und ihr „Nicht-Duett“ mit Kylie. Die Band blickt auf ihren größten Hit zurück und erklärt, warum ihre neue Single mit Kylie kein Duett ist.","Snow Patrol on 20 years of Chasing Cars, and their 'non-duet' with Kylie. The band look back on their biggest hit, and explain why their new single with Kylie isn't a duet.","Nix Patrol in XX annis Cars insequens, et eorum ""non-duet"" cum Kylie. Grex cohortis maximas ictus respiciet, et explica cur novum unum cum Kylie duet non sit.",2026-07-22 19:56:31+00:00
f34bd610f0c445580b812f29649a904d,2026-07-13T15:20:22Z,'snow',kotaku.com,en,0.7,Live-Action Moana Is Bombing At The Box Office As Badly As Last Year’s Snow White Remake,Disney's new live-action remake starring Dwayne Johnson could lose over $100 million,https://kotaku.com/live-action-moana-is-bombing-at-the-box-office-as-badly-as-last-years-snow-white-remake-2000715239,https://kotaku.com/app/uploads/2026/03/maui.jpg,http://web.archive.org/web/20260713224028/https://kotaku.com/live-action-moana-is-bombing-at-the-box-office-as-badly-as-last-years-snow-white-remake-2000715239,"Disney’s latest live-action remake, Moana, bombed so badly over the weekend that all the various trade sites covering Hollywood had to break out their thesauruses to figure out different nautical-the… [+2824 chars]",,Der Live-Action-Film „Vaiana“ schlägt an den Kinokassen genauso heftig zu wie das letztjährige „Schneewittchen“-Remake. Disneys neues Live-Action-Remake mit Dwayne Johnson in der Hauptrolle könnte über 100 Millionen Dollar verlieren,Live-Action Moana Is Bombing At The Box Office As Badly As Last Year’s Snow White Remake. Disney's new live-action remake starring Dwayne Johnson could lose over $100 million,Vive-Action Moana Is Bombing At The Box Office As Badly As Last Year's Nive White Remake. Disney scriptor novus vivere-actio reformandam starring Dwayne Johnson posset perdere super $ 100 decies centena millia,2026-07-22 19:56:31+00:00
770244c3d583653825afa4916b30f3d4,2026-07-16T14:00:00Z,'snow',www.core77.com,en,0.7,Snow Peak's Tiny LED Lantern,"This Micro Hozuki is by Japanese outdoor gear brand Snow Peak. It's a diminutive rechargeable LED light that puts out 27 lumens, good enough for campsite task lighting or to read by. Unfortunately it's not rechargeable, but runs on two CR1632 coin-cell lithiu…",https://www.core77.com/posts/144751/Snow-Peaks-Tiny-LED-Lantern,https://s3files.core77.com/blog/images/lead_n_spotlight/1841618_lead_400_144751_.jpg,http://web.archive.org/web/20260717070011/https://www.core77.com/posts/144751/Snow-Peaks-Tiny-LED-Lantern,"This Micro Hozuki is by Japanese outdoor gear brand Snow Peak. It's a diminutive rechargeable LED light that puts out 27 lumens, good enough for campsite task lighting or to read by.
Unfortunately i… [+247 chars]",,"Die kleine LED-Laterne von Snow Peak. Dieser Micro Hozuki ist von der japanischen Outdoor-Ausrüstungsmarke Snow Peak. Es handelt sich um eine winzige, wiederaufladbare LED-Leuchte mit 27 Lumen, ausreichend für die Arbeitsbeleuchtung auf dem Campingplatz oder zum Lesen. Leider ist es nicht wiederaufladbar, sondern läuft mit zwei CR1632-Knopfzellen-Lithiumbatterien.","Snow Peak's Tiny LED Lantern. This Micro Hozuki is by Japanese outdoor gear brand Snow Peak. It's a diminutive rechargeable LED light that puts out 27 lumens, good enough for campsite task lighting or to read by. Unfortunately it's not rechargeable, but runs on two CR1632 coin-cell lithiu…","Nix Peak's Vegrandis Lantern DUXERIT. Hoc Micro Hozuki est a Iaponica calces notam Nivis Pecco. Rechargeable lux diminutiva est quae 27 lumens extinguit, satis bona ad laborem campsite deponens vel per legendum. Infeliciter non rechargeable est, sed in duobus CR1632 numismatis lithiu currit…",2026-07-22 19:56:31+00:00
ddad4acabeb6e92c1543bb5b984c10a2,2026-07-19T22:30:07Z,'snow',www.yankodesign.com,en,0.7,Snow Peak Just Shrank Its Beloved Hozuki to a $15 Keychain,"Snow Peak Just Shrank Its Beloved Hozuki to a $15 KeychainGood design has a way of making you question what you’ve been putting up with. I’ve carried the same clunky keychain flashlight for years, and...",https://www.yankodesign.com/2026/07/19/snow-peak-just-shrank-its-beloved-hozuki-to-a-15-keychain/,https://www.yankodesign.com/images/design_news/2026/07/snow-peak-just-shrank-its-beloved-hozuki-to-a-15-keychain/hozuki-00.jpg,,"Good design has a way of making you question what you’ve been putting up with. I’ve carried the same clunky keychain flashlight for years, and every time I dig for it in the dark, I think: surely som… [+3637 chars]",,"Snow Peak hat seinen geliebten Hozuki gerade auf einen 15-Dollar-Schlüsselanhänger geschrumpft. Snow Peak hat seinen geliebten Hozuki gerade auf einen 15-Dollar-Schlüsselanhänger geschrumpft. Gutes Design lässt Sie hinterfragen, womit Sie sich bisher abgefunden haben. Ich trage seit Jahren dieselbe klobige Schlüsselbund-Taschenlampe und ...","Snow Peak Just Shrank Its Beloved Hozuki to a $15 Keychain. Snow Peak Just Shrank Its Beloved Hozuki to a $15 KeychainGood design has a way of making you question what you’ve been putting up with. I’ve carried the same clunky keychain flashlight for years, and...","Nix Pecco Just refugit Dilectum Hozuki ad $15 Keychain. Nive Peak Just Shrank Dilectum Hozuki ad $15 KeychainGood consilium habet modum faciendi te interrogare quid tecum egisses. Eundem clunky catenam lampadio ferream annis gestavi, et...",2026-07-22 19:56:31+00:00
1bfe344e1938ba1106b1fb4d1fbc3d9c,2026-07-14T17:37:04Z,'snow',consent.yahoo.com,en,0.9,Remember last year's early snow? Super El Niño may shake up fall,,https://consent.yahoo.com/v2/collectConsent?sessionId=1_cc-session_32c8136c-4d1c-45ca-815f-e448033f49f9,,,"If you click 'Accept all', we and our partners, including 250 who are part of the IAB Transparency &amp; Consent Framework, will also store and / or access information on a device (in other words, us… [+1046 chars]",,Erinnern Sie sich an den Frühschnee des letzten Jahres? Super El Niño könnte den Herbst durcheinander bringen. Keiner,Remember last year's early snow? Super El Niño may shake up fall. None,Memento anni primo nivis? Super El Niño labefactare potest. Nullus,2026-07-22 19:56:31+00:00
71ec30d77dda550f61b331b9a3942e26,2026-07-22T19:44:30Z,'snow',www.usmagazine.com,en,0.7,Paul Wesley Recalls Being Brittany Snow’s 1st-Ever Kiss on ‘Guiding Light’,"Paul Wesley spilled all the details on his first kiss with Brittany Snow. “I was on a soap opera with Brittany Snow. She’s one of my dear friends. I adore her. She’s the best,” Wesley, 43, said while appearing on the Wednesday, July 22, episode of Alex Cooper…",https://www.usmagazine.com/celebrity-news/news/paul-wesley-recalls-being-brittany-snows-1st-ever-kiss/,https://www.usmagazine.com/wp-content/uploads/2026/07/paulwesley.jpeg?crop=0px%2C0px%2C2000px%2C1051px&resize=1200%2C630&quality=86&strip=all,http://web.archive.org/web/20260723052924/https://www.usmagazine.com/celebrity-news/news/paul-wesley-recalls-being-brittany-snows-1st-ever-kiss/,"Paul Wesley spilled all the details on his first kiss with Brittany Snow.
“I was on a soap opera with Brittany Snow. She’s one of my dear friends. I adore her. She’s the best,” Wesley, 43, said whil… [+2370 chars]",,"Paul Wesley erinnert sich, dass er Brittany Snows allerersten Kuss in „Guiding Light“ war. Paul Wesley verriet alle Details zu seinem ersten Kuss mit Brittany Snow. „Ich war mit Brittany Snow in einer Seifenoper. Sie ist eine meiner lieben Freundinnen. Ich verehre sie. Sie ist die Beste“, sagte der 43-jährige Wesley, als er am Mittwoch, dem 22. Juli, in der Folge von Alex Cooper auftrat …","Paul Wesley Recalls Being Brittany Snow’s 1st-Ever Kiss on ‘Guiding Light’. Paul Wesley spilled all the details on his first kiss with Brittany Snow. “I was on a soap opera with Brittany Snow. She’s one of my dear friends. I adore her. She’s the best,” Wesley, 43, said while appearing on the Wednesday, July 22, episode of Alex Cooper…","Paul Wesley Revocat Ens Brittaniam 1st-Ever Kiss on 'Lux Guiding'. Paulus Wesley singula in primo osculo suo cum Britannica Nix effudit. ""Fui in sapone opera cum Britannica Nix. Una est ex amicis meis carissimis. illam adoro. Optimus est"" Wesley, 43, dixit apparens die Mercurii, die 22 mensis Iulii, res Alex Cooper…",2026-07-23 19:58:54+00:00
faaac03a5deadf0d60dcea4b1d416499,2026-07-20T13:48:32Z,'slippery roads',yle.fi,en,0.3,Heavy rainfall cuts off 16 gravel roads across Finland,Transport officials say the weekend's flooding caused an unprecedented number of gravel road collapses.,https://yle.fi/a/74-20237209,"https://img.img-cdn.yle.fi/crop_extract,w_4031,h_2268,x_0,y_0/crop_fill,w_1200,h_628/f_auto/39-16785806a5ce9ae30939/1784474163",http://web.archive.org/web/20260722075212/https://yle.fi/a/74-20237209,"Heavy rainfall at the turn of the week cut off 16 gravel roads across Finland, with the worst damage reported in Pirkanmaa and Central Finland.
According to the Finnish Transport Infrastructure Agen… [+1385 chars]",,"Starke Regenfälle legen 16 Schotterstraßen in ganz Finnland lahm. Verkehrsbeamte sagen, dass die Überschwemmungen am Wochenende zu einer beispiellosen Anzahl von Einstürzen von Schotterstraßen geführt haben.",Heavy rainfall cuts off 16 gravel roads across Finland. Transport officials say the weekend's flooding caused an unprecedented number of gravel road collapses.,Imbribus gravis 16 glareas viae trans Finniam intercludit. Magistratus onerariam dicunt inundationem volutpat vestibulum inusitatum numerum lapilli viarum concidisse.,2026-07-24 14:25:14+00:00
860f3c345319269c88e46cb5786262a0,2026-07-02T22:00:07Z,'frost weather',kotaku.com,en,0.3,9 Perfectly Ice-Cold Video Games To Help You Survive The Summer Heat,"Frozen, or on the rocks",https://kotaku.com/hot-out-play-nice-cold-video-games-2000712347,https://kotaku.com/app/uploads/2026/07/snowrunner2.jpg,http://web.archive.org/web/20260702225457/https://kotaku.com/hot-out-play-nice-cold-video-games-2000712347,"It’s too hot to play video games.
But perhaps you want to try anyway.
May I recommend, then, a nice cold video game? Something frosty, chilly, that will invoke thoughts of snow, fresh cool water, a… [+5326 chars]",,"9 perfekt eiskalte Videospiele, die Ihnen helfen, die Sommerhitze zu überstehen. Gefroren oder auf Eis","9 Perfectly Ice-Cold Video Games To Help You Survive The Summer Heat. Frozen, or on the rocks",9 Perfecte Ice-Cold Video Games ut tibi superstes calor aestivus. Gelida vel saxa,2026-07-24 19:59:28+00:00
a1e347c826699a663aa68ea80387e9bf,2026-07-23T05:00:01Z,'snow',boingboing.net,en,0.7,Neal Stephenson's guide to writing books with a fountain pen,"Neal Stephenson writes his novels the way people did in 1850. The science-fiction author of Snow Crash, Cryptonomicon, and the thousand-page Baroque Cycle has composed nearly every book since about 2001 with a fountain pen on paper. On his Substack, Graphoman…",https://boingboing.net/2026/07/22/neal-stephenson-writing-by-hand.html,https://i0.wp.com/boingboing.net/wp-content/uploads/2026/07/Fountain_pen_writing_28literacy29-scaled.jpg?fit=2560%2C1877&quality=60&ssl=1,,"Neal Stephenson writes his novels the way people did in 1850. The science-fiction author of Snow Crash, Cryptonomicon, and the thousand-page Baroque Cycle has composed nearly every book since about 2… [+1125 chars]",,"Neal Stephensons Leitfaden zum Schreiben von Büchern mit einem Füllfederhalter. Neal Stephenson schreibt seine Romane so, wie es die Menschen im Jahr 1850 taten. Der Science-Fiction-Autor von Snow Crash, Cryptonomicon und dem tausendseitigen Barockzyklus hat seit etwa 2001 fast jedes Buch mit einem Füllfederhalter auf Papier verfasst. Auf seinem Substack, Graphoman…","Neal Stephenson's guide to writing books with a fountain pen. Neal Stephenson writes his novels the way people did in 1850. The science-fiction author of Snow Crash, Cryptonomicon, and the thousand-page Baroque Cycle has composed nearly every book since about 2001 with a fountain pen on paper. On his Substack, Graphoman…","Neal Stephenson dux scribebat libros cum stylo fonti. Neal Stephenson scripsit fabulas suas quomodo homines anno 1850 fecerunt. Auctor scientiae-fictionis Nivis Crash, Cryptonomicon, et mille pagina Baroque Cycle, librum omnem fere ab anno circiter 2001 cum stylo fonti in charta composuit. De Substack, Graphoman...",2026-07-24 19:59:28+00:00
f6ea872a8d5f6250e474273325aa46a9,2026-07-23T09:26:27Z,'snow',deadline.com,en,0.7,‘Ted Lasso’ Star Toheeb Jimoh & ‘Snow White’s Dujanna Gift Leading BBC’s ‘Open Water’ Adaptation,Emmy-nominated Ted Lasso star Toheeb Jimoh and Snow White star Dujonna Gift are leading the BBC’s adaptation of Caleb Azumah Nelson’s Open Water. Jimoh plays Marcus opposite Gift’s Effie. Marcus works in retail while trying to develop a career as a photograph…,http://deadline.com/2026/07/bbc-open-water-cast-toheeb-jimoh-dujanna-gift-caleb-nelson-1237001086/,https://deadline.com/wp-content/uploads/2026/07/MixCollage-23-Jul-2026-10-23-AM-9223.jpg?w=1024,,"Emmy-nominated Ted Lasso star Toheeb Jimoh and Snow White‘s Dujonna Gift are leading the BBC’s adaptation of Caleb Azumah Nelson’s debut novel Open Water.
Jimoh plays Marcus opposite Gift’s Effie. M… [+2612 chars]",,"„Ted Lasso“-Star Toheeb Jimoh und „Snow White’s Dujanna Gift“ leiten die BBC-Adaption „Open Water“. Der Emmy-nominierte Ted-Lasso-Star Toheeb Jimoh und der Schneewittchen-Star Dujonna Gift führen die BBC-Adaption von Caleb Azumah Nelsons „Open Water“ an. Jimoh spielt Marcus an der Seite von Gifts Effie. Marcus arbeitet im Einzelhandel und versucht gleichzeitig, eine Karriere als Fotograf aufzubauen …",‘Ted Lasso’ Star Toheeb Jimoh & ‘Snow White’s Dujanna Gift Leading BBC’s ‘Open Water’ Adaptation. Emmy-nominated Ted Lasso star Toheeb Jimoh and Snow White star Dujonna Gift are leading the BBC’s adaptation of Caleb Azumah Nelson’s Open Water. Jimoh plays Marcus opposite Gift’s Effie. Marcus works in retail while trying to develop a career as a photograph…,'Ted Lasso' Star Toheeb Jimoh & 'Snow White's Dujanna Gift Leading BBC's 'Open Water' Aptatio. Emmy-nominatus Ted Lasso star Toheeb Jimoh et Stella Nivis Alba Dujonna Gift inducunt adaptationem BBC Caleb Azumah Nelson's Open Water. Marcus Jimoh plays est effi donum contrarium. Marcus operatur in grosso dum curriculum evolvere conatur ut imaginem photographicam…,2026-07-25 04:49:36+00:00
ef42d8a49500544c64b61be15a975afc,2026-07-23T13:12:00Z,'snow',www.tvline.com,en,0.7,'80s Sitcom Superstar Suzanne Somers Had A Second Secret Three's Company Role,"Suzanne Somers famously played Chrissy Snow in Three's Company, but she also had a secret role as the brunette who made John Ritter crash his bike in the intro.",https://www.tvline.com/2217348/80s-sitcom-star-suzanne-somers-second-secret-threes-company-role/,https://www.tvline.com/img/gallery/80s-sitcom-superstar-suzanne-somers-had-a-second-secret-threes-company-role/l-intro-1784042805.jpg,http://web.archive.org/web/20260723191553/https://www.tvline.com/2217348/80s-sitcom-star-suzanne-somers-second-secret-threes-company-role/,"If you can whistle the theme song to ""Three's Company,"" you know this exact visual: Jack Tripper rides a bicycle down the boardwalk, catches a glimpse of a faceless brunette walking ahead of him, and… [+1141 chars]",,"Der Sitcom-Superstar der 80er Jahre, Suzanne Somers, hatte die Rolle eines zweiten geheimen Dreiers. Suzanne Somers spielte die berühmte Chrissy Snow in Three's Company, hatte aber auch eine geheime Rolle als die Brünette, die John Ritter im Intro dazu brachte, sein Fahrrad zum Absturz zu bringen.","'80s Sitcom Superstar Suzanne Somers Had A Second Secret Three's Company Role. Suzanne Somers famously played Chrissy Snow in Three's Company, but she also had a secret role as the brunette who made John Ritter crash his bike in the intro.","'80s Sitcom Superstar Suzanne Somers A Second Secret Tres Societatis partes habebat. Suzanne Somers Chrissy Nivem in tribus societatibus clarissime egit, sed etiam munus secretum habuit pro brunette quae John Ritter suam cursoriam in intro ruiturum fecit.",2026-07-25 04:49:36+00:00
c79362deb167b908c941d9512f3053b3,2026-07-23T10:16:17Z,'snow ice',www.dealnews.com,en,0.9,Ageyou Polarized Sports Sunglasses for $10.50 + free shipping w/ Prime,"Polarized lenses reduce glare from water, roads, and snow, making these a reasonable pick for runners, cyclists, or anyone who wants basic eye protection outdoors without spending much. At $11, that's 50% off the $21 list price. Apply coupon code ""FHKCWM24"" f…",https://www.dealnews.com/Ageyou-Polarized-Sports-Sunglasses-for-10-50-free-shipping-w-Prime/21923097.html,https://d.dlnws.com/64599/1784800860-draftworks_img_qilhiqvmno8o5memmbi.jpeg?h=500&w=400,,"moreNordstrom Rack has over 70 pairs of Ray-Ban sunglasses on sale, including Wayfarer, Aviator, Clubmaster, Round, and Navigator frames. Prices run from $74.97 to $159.97, with some styles like the … [+507 chars]",,"Ageyou polarisierte Sport-Sonnenbrille für 10,50 $ + kostenloser Versand mit Prime. Polarisierte Gläser reduzieren die Blendung durch Wasser, Straßen und Schnee und sind daher eine vernünftige Wahl für Läufer, Radfahrer oder alle, die im Freien einen einfachen Augenschutz wünschen, ohne viel auszugeben. Bei 11 $ sind das 50 % Rabatt auf den Listenpreis von 21 $. Gutscheincode „FHKCWM24“ anwenden für…","Ageyou Polarized Sports Sunglasses for $10.50 + free shipping w/ Prime. Polarized lenses reduce glare from water, roads, and snow, making these a reasonable pick for runners, cyclists, or anyone who wants basic eye protection outdoors without spending much. At $11, that's 50% off the $21 list price. Apply coupon code ""FHKCWM24"" f…","Ageyou Polarized Sports Sunglasses for $10.50 + free shipping w/ Prime. Lentes polarizatae fulgorem ex aqua, viae et nivibus minuunt, quibus curriculis, cyclistae, vel quivis, qui praesidiis oculi fundamentales foris caret, sine multum expendendo facit. At $11, that's 50% off the $21 list price. Apply coupon code ""FHKCWM24"" f…",2026-07-25 04:49:36+00:00
65164f24848fdf2c8b81fddf78c40f7d,2026-07-21T16:15:00Z,'frost weather',cheezburger.com,en,0.8,29 Heartwarming Animal Memes to Warm Your Soul When it’s Frozen from AC,"Summer is in full swing, and while that means warm weather and sun outdoors. Indoors it means a whole heap of AC. so to unfreeze your soul from the frost build up we made this collection of heartwarming animal memes.
Now of course we are speaking figurativel…",https://cheezburger.com/46077701/29-heartwarming-animal-memes-to-warm-your-soul-when-its-frozen-from-ac,https://i.chzbgr.com/original/46077701/h1783BC22/handed-a-screwdriver-my-dad-is-an-electrician-in-a-zoo-and-look-how-he-spent-his-morning-im-crying,,"Now of course we are speaking figuratively but there is also some grounds to what we are referencing. After all, we hoomans do tend to be a little bit colder to one another when it gets cold outside … [+565 chars]",,"29 herzerwärmende Tiermemes, um Ihre Seele zu wärmen, wenn sie von AC gefroren ist. Der Sommer ist in vollem Gange und das bedeutet warmes Wetter und Sonne im Freien. Drinnen bedeutet das eine ganze Menge Klimaanlage. Um Ihre Seele von der Frostbildung zu befreien, haben wir diese Sammlung herzerwärmender Tiermemes zusammengestellt.
Jetzt sprechen wir natürlich im übertragenen Sinne …","29 Heartwarming Animal Memes to Warm Your Soul When it’s Frozen from AC. Summer is in full swing, and while that means warm weather and sun outdoors. Indoors it means a whole heap of AC. so to unfreeze your soul from the frost build up we made this collection of heartwarming animal memes.
Now of course we are speaking figurativel…","29 Heartwarming Animal Memes to Warm Your Soul When it's Frozen from AC. Aestas in plena adductius est, et dum id significat calidum tempestatem et solem foris. Intus significat acervum totum AC. ita ut animam tuam a gelu exstinguendam erigamus, hanc collectionem memi ani- mationis calefactionis fecimus.
Nunc utique figurate loquimur.",2026-07-25 08:36:12+00:00
e820c7c19fb28668d451fb610b493d96,2026-07-22T20:00:00Z,'snow',www.nzherald.co.nz,en,0.9,"MetService forecasts rain, thunder and snow as winter weather shifts",Thunderstorms could bring 10-25mm an hour of rain and 90km/h wind gusts.,https://www.nzherald.co.nz/nz/metservice-forecasts-rain-thunder-and-snow-as-winter-weather-shifts/WIX42KLWVRDABPVPYQQMHBO3YM/,https://www.nzherald.co.nz/resizer/v2/GCLH2ZRW2ZGKLHSYFIKKJTWF5E.jpg?auth=0412384e53bc523cdee260d2fdc72a0ce94ea53ef31d38c183048edde69ab62d&width=1200&height=675&quality=70&focal=2586%2C2009&smart=false,http://web.archive.org/web/20260723082529/https://www.nzherald.co.nz/nz/metservice-forecasts-rain-thunder-and-snow-as-winter-weather-shifts/WIX42KLWVRDABPVPYQQMHBO3YM/,"MetService meteorologist Maddy Neal told the Herald that a second front moving across Fiordland today would likely bring small hail but slightly less intense rain and winds.
The North Island would b… [+1603 chars]",,"MetService prognostiziert Regen, Donner und Schnee, wenn sich das Winterwetter ändert. Gewitter könnten 10-25 mm Regen pro Stunde und Windböen von 90 km/h mit sich bringen.","MetService forecasts rain, thunder and snow as winter weather shifts. Thunderstorms could bring 10-25mm an hour of rain and 90km/h wind gusts.","MetService praenuntiat pluvias, tonitrua et nives sicut hiemales vices. Tonitruum 10-25mm horae pluviae et 90km/h procellae venti efficere potuerunt.",2026-07-25 08:36:12+00:00
421631aaf4e417e108f9f5726395fc93,2026-07-23T17:00:00Z,'snow',www.nzherald.co.nz,en,0.9,Weather this weekend: Icy blast to bring snow and frost across New Zealand,Snow is forecast for the south over the weekend.,https://www.nzherald.co.nz/nz/auckland/weather-this-weekend-icy-blast-to-bring-snow-and-frost-across-new-zealand/XSXB653FQ5FKVBAQYC2ZDPALNM/,https://www.nzherald.co.nz/resizer/v2/NYMJBAGPG5CFNBPU277P2MNUBM.jpg?auth=c6a0d41d2ecf577b86847c3609c391bb352631c9ceeb7c07ea2325a7677a57a1&width=1200&height=675&quality=70&focal=1498%2C1223&smart=false,http://web.archive.org/web/20260723195430/https://www.nzherald.co.nz/nz/auckland/weather-this-weekend-icy-blast-to-bring-snow-and-frost-across-new-zealand/XSXB653FQ5FKVBAQYC2ZDPALNM/,The supermarket apologised to customers unable to complete their shopping.,,Wetter an diesem Wochenende: Eisige Böen bringen Schnee und Frost in ganz Neuseeland. Für das Wochenende wird im Süden Schnee vorhergesagt.,Weather this weekend: Icy blast to bring snow and frost across New Zealand. Snow is forecast for the south over the weekend.,Tempestas volutpat vestibulum hoc: flatus glacialis ad nives et pruinas per Novam Zelandiam adducendam. Nix praecognoscet meridionalem super volutpat.,2026-07-25 08:36:12+00:00
46aac22e5f5a62b5e2b77481758be780,2026-07-23T17:00:02Z,'snow',exystence.net,en,0.7,Snow Patrol – Eyes Open (20 Year Anniversary Special Edition) (2026),"Snow Patrol’s Eyes Open album is receiving a special deluxe reissue for its 20th anniversary. Eyes Open, originally released in April 2006, marks Snow Patrol’s fourth album. It features six singles, including “Hands Open,” “Set the Fire to the Third Bar,” “Op…",https://exystence.net/blog/2026/07/23/snow-patrol-eyes-open-20-year-anniversary-special-edition-2026/,,,"Snow Patrols Eyes Open album is receiving a special deluxe reissue for its 20th anniversary.Eyes Open, originally released in April 2006, marks Snow Patrols fourth album. It features six singles, inc… [+1163 chars]",,"Snow Patrol – Eyes Open (Sonderausgabe zum 20-jährigen Jubiläum) (2026). Das Album „Eyes Open“ von Snow Patrol erhält zum 20-jährigen Jubiläum eine spezielle Deluxe-Neuauflage. „Eyes Open“, ursprünglich im April 2006 veröffentlicht, markiert das vierte Album von Snow Patrol. Es enthält sechs Singles, darunter „Hands Open“, „Set the Fire to the Third Bar“, „Op…“","Snow Patrol – Eyes Open (20 Year Anniversary Special Edition) (2026). Snow Patrol’s Eyes Open album is receiving a special deluxe reissue for its 20th anniversary. Eyes Open, originally released in April 2006, marks Snow Patrol’s fourth album. It features six singles, including “Hands Open,” “Set the Fire to the Third Bar,” “Op…","Nix Patrol – Oculi Aperi (20 Annus Anniversarius Praecipuus Editionis) (2026). Nivea Patrol's Open album accipit singulare deluxe reissue pro eius 20 anniversario suo. Oculos Aperi, originaliter dimissi in Aprili 2006, notas Nivis Patrol's quartum album. Sex singularia comprehendit, ""Aperi Manus,"" ""Ignem Tertium Bar,"" ""Op...",2026-07-25 14:14:48+00:00
7461d3cf84a2364570d70a4e6f997e8d,2026-07-23T21:51:58Z,'snow',post.rlsbb.cc,en,0.7,Eagles Of The Republic 2025 BDRip x264-SNOW,"Awards 6 wins & 6 nominations total See more awards » Plot: Egypt's most adored actor, George Fahmy, falls into disgrace with the authorities overnight. On the verge of losing everything, George is forced to accept an offer he can't refuse. Genre: Action | Dr…",https://post.rlsbb.cc/eagles-of-the-republic-2025-bdrip-x264-snow/,,,"Awards 6 wins &amp; 6 nominations total See more awards »
Plot: Egypt's most adored actor, George Fahmy, falls into disgrace with the authorities overnight. On the verge of losing everything, George… [+614 chars]",,"Eagles Of The Republic 2025 BDRip x264-SNOW. Auszeichnungen: 6 Siege und 6 Nominierungen insgesamt Weitere Auszeichnungen » Handlung: Ägyptens beliebtester Schauspieler, George Fahmy, gerät über Nacht bei den Behörden in Ungnade. George steht kurz davor, alles zu verlieren und muss ein Angebot annehmen, das er nicht ablehnen kann. Genre: Action | Dr…","Eagles Of The Republic 2025 BDRip x264-SNOW. Awards 6 wins & 6 nominations total See more awards » Plot: Egypt's most adored actor, George Fahmy, falls into disgrace with the authorities overnight. On the verge of losing everything, George is forced to accept an offer he can't refuse. Genre: Action | Dr…","Aquilae Reipublicae 2025 BDRip x264-NIX. Awards 6 wins & 6 nominations total See more awards » Plot: Aegypti scriptor maxime adorandus actor, George Fahmy, in infamiam cum auctoribus incidit pernoctare. Iam paene omnia amittenda, Georgius oblatum accipere cogitur quod recusare non potest. Genre: Action | Dr...",2026-07-25 14:14:48+00:00
648332d8ae6e91b952ce062ffa777234,2026-07-23T22:12:12Z,'snow',nypost.com,en,0.7,Ex-Barclays chief Jes Staley tells House he’s ‘unsure’ he met woman in a Snow White costume through Jeffrey Epstein: source,"""Maybe they're tracking u?? That was fun. Say hi to Snow White,"" Staley wrote to Epstein in a July 9, 2010, email.",https://nypost.com/2026/07/23/us-news/ex-barclays-chief-jes-staley-tells-house-panel-hes-unsure-he-met-woman-in-a-snow-white-costume-through-jeffrey-epstein-source/,https://nypost.com/wp-content/uploads/sites/2/2026/07/135305573.jpg?quality=75&strip=all&w=1200,http://web.archive.org/web/20260723235919/https://nypost.com/2026/07/23/us-news/ex-barclays-chief-jes-staley-tells-house-panel-hes-unsure-he-met-woman-in-a-snow-white-costume-through-jeffrey-epstein-source/,"WASHINGTON Former Barclays CEO Jes Staley told a House panel Thursday that he was “unsure” he met a woman who wore a Snow White costume through convicted sex offender Jeffrey Epstein, according to a … [+4565 chars]",,"Ex-Barclays-Chef Jes Staley sagt House, er sei „unsicher“, dass er über Jeffrey Epstein eine Frau in einem Schneewittchenkostüm kennengelernt habe: Quelle. „Vielleicht verfolgen sie dich?? Das hat Spaß gemacht. Sag Hallo zu Schneewittchen“, schrieb Staley in einer E-Mail vom 9. Juli 2010 an Epstein.","Ex-Barclays chief Jes Staley tells House he’s ‘unsure’ he met woman in a Snow White costume through Jeffrey Epstein: source. ""Maybe they're tracking u?? That was fun. Say hi to Snow White,"" Staley wrote to Epstein in a July 9, 2010, email.","Ex-Barclays dux Jes Staley narrat Domum se 'incertum' invenit mulierem in veste alba per Jeffrey Epstein: fontem. ""Fortasse u ?? Quod erat iocum sequi. Dic hi ad Niveam Albam"" Staley scripsit ad Epstein in mense Iulio ad diem IX, MMX, email.",2026-07-25 14:14:48+00:00
07aae1920eee8b73082048e042da25e6,2026-07-23T23:59:02Z,'snow',variety.com,en,0.7,"‘Ebenezer: A Christmas Carol’ Trailer: Johnny Depp Stars as Grouchy, Snowball-Throwing Scrooge","Paramount Pictures has released the first trailer for “Ebenezer: A Christmas Carol,” starring Johnny Depp in his first major Hollywood role since his 2022 trial against ex-wife Amber Heard. Directed by Ti West, the holiday film is described as a dark reimagin…",https://variety.com/2026/film/news/ebenezer-christmas-carol-trailer-johnny-depp-scrooge-1236801196/,https://variety.com/wp-content/uploads/2026/07/Screenshot-2026-07-23-at-4.54.58-PM.jpg?w=1000&h=563&crop=1,http://web.archive.org/web/20260724030014/https://variety.com/2026/film/news/ebenezer-christmas-carol-trailer-johnny-depp-scrooge-1236801196/,"Paramount Pictures has released the first trailer for “Ebenezer: A Christmas Carol,” starring Johnny Depp in his first major Hollywood role since his 2022 trial against ex-wife Amber Heard.
Directed… [+1977 chars]",,"Trailer zu „Ebenezer: A Christmas Carol“: Johnny Depp spielt den griesgrämigen, schneeballwerfenden Dagobert. Paramount Pictures hat den ersten Trailer zu „Ebenezer: A Christmas Carol“ veröffentlicht, in dem Johnny Depp seine erste große Hollywood-Rolle seit seinem Prozess gegen seine Ex-Frau Amber Heard im Jahr 2022 spielt. Der von Ti West inszenierte Urlaubsfilm wird als düstere Neuinterpretation beschrieben …","‘Ebenezer: A Christmas Carol’ Trailer: Johnny Depp Stars as Grouchy, Snowball-Throwing Scrooge. Paramount Pictures has released the first trailer for “Ebenezer: A Christmas Carol,” starring Johnny Depp in his first major Hollywood role since his 2022 trial against ex-wife Amber Heard. Directed by Ti West, the holiday film is described as a dark reimagin…","'Ebenezer: Natalis Carol' Trailer: Johnny Depp Stars Grouchy, Scrooge Snowball-Iactrix. Praecipuae Pictures primum sex pro ""Ebenezer: A Nativitatis Carol"" dimiserunt Johnny Depp in primo suo munere Hollywood primo maiore cum 2022 iudicium contra ex-uxorem Amber Audivit. Directus a Ti Occidente, feriae pelliculae obscurae reimaginiae descriptae sunt.",2026-07-25 14:14:48+00:00
e8ac776723539c4e25f5fa13cb5bce2d,2026-07-24T00:08:03Z,'snow',www.gamesradar.com,en,0.9,Creepy new Resident Evil clip sees Weapons star fighting for his life in the snow,Resident Evil hits theaters in September,https://www.gamesradar.com/entertainment/horror-movies/creepy-new-resident-evil-clip-sees-weapons-star-fighting-for-his-life-in-the-snow/,https://cdn.mos.cms.futurecdn.net/xEvgDANzQ6kynALq7ERxP6-1920-80.jpg,,"A new clip from Resident Evil was shown during San Diego Comic-Con... and we're in for some new nightmares.
Director Zach Cregger introduced the clip, specifying that it takes place ""early in the mo… [+2155 chars]",,In dem gruseligen neuen Resident Evil-Clip kämpft Weapons-Star im Schnee um sein Leben. Resident Evil kommt im September in die Kinos,Creepy new Resident Evil clip sees Weapons star fighting for his life in the snow. Resident Evil hits theaters in September,Creepy novum Residens Mali tondet arma stellam pugnantem pro vita sua in nive videt. Residente Mali theatra percusserit mense Septembri,2026-07-25 14:14:48+00:00
cb4ec0325197cec5c9b0df0ad34aa2fe,2026-07-02T20:02:36Z,'snow',www.abc.net.au,en,0.9,School holiday snow arrives at 11th hour after overnight blizzard,"Following the worst start to a ski season in decades, a major snowstorm hit the NSW and Victorian Alps last night.",https://www.abc.net.au/news/2026-07-03/snow-at-last-for-nsw-ski-season-perisher-thredbo-australia/106872456,https://live-production.wcms.abc-cdn.net.au/2650020d12f9dfcb3b69ba82a8e1ffab?impolicy=wcms_watermark_news&cropH=2813&cropW=5000&xPos=0&yPos=469&width=862&height=485&imformat=generic,http://web.archive.org/web/20260703003447/https://www.abc.net.au/news/2026-07-03/snow-at-last-for-nsw-ski-season-perisher-thredbo-australia/106872456,"Following the worst start to a ski season in decades, a major snowstorm hit the NSW and Victorian Alps last night.
The blizzard has rapidly transformed the alpine region, which just 36 hours ago, mo… [+3935 chars]",,In den Schulferien schneit es um die 11. Stunde nach dem nächtlichen Schneesturm. Nach dem schlechtesten Start einer Skisaison seit Jahrzehnten traf gestern Abend ein heftiger Schneesturm über New South Wales und die Viktorianischen Alpen.,"School holiday snow arrives at 11th hour after overnight blizzard. Following the worst start to a ski season in decades, a major snowstorm hit the NSW and Victorian Alps last night.","Scholae feriae nix advenit hora 11 post noctem blizzard. Sequens initium pessimum ad tempus ski in decenniis, maior nivis procella NSW et Victorianas Alpes nocte proxima percussit.",2026-07-26 05:04:13+00:00
52d8a81c38a15634cf5876a414d44378,2026-07-21T11:26:57Z,'snow',biztoc.com,en,0.9,Lundin pauses operations in Chile after storm limits access to mining complex,Lundin Mining Corp. LUN-T says it has suspended operations at its Caserones mine complex due to heavy snowfall which has disrupted power at the site in Chile’s Atacama region.,https://biztoc.com/x/d9e2f3d7595241e0,https://biztoc.com/cdn/d9e2f3d7595241e0_s.webp,,"Lundin Mining Corp. LUN-T says it has suspended operations at its Caserones mine complex due to heavy snowfall which has disrupted power at the site in Chiles Atacama region.
This story appeared on … [+40 chars]",,"Lundin stellt den Betrieb in Chile ein, nachdem ein Sturm den Zugang zum Bergbaukomplex eingeschränkt hat. Lundin Mining Corp. LUN-T gab an, den Betrieb seines Caserones-Minenkomplexes aufgrund starker Schneefälle eingestellt zu haben, die zu Stromausfällen am Standort in der chilenischen Atacama-Region geführt haben.",Lundin pauses operations in Chile after storm limits access to mining complex. Lundin Mining Corp. LUN-T says it has suspended operations at its Caserones mine complex due to heavy snowfall which has disrupted power at the site in Chile’s Atacama region.,Lundin moratur operationes in Chile postquam limites tempestatis accessus ad fodienda complexi sunt. Lundin Mining Corp. LUN-T dicit operationes suas apud Caserones implicatas meas suspensas ob nix gravem quae vim in situ in regione Atacama Chile disrupit.,2026-07-26 09:00:43+00:00
0889029fed4331f1f5a5059228c24275,2026-07-22T14:22:09Z,'snow ice',bleedingcool.com,en,0.7,Luna Snow Saves the Day with Hot Toys New 1/6 Marvel Rivals Release,"Hot Toys continues to expand its growing Marvel Rivals lineup with another fan-favorite hero. Joining the fight is Luna Snow, the cryokinetic K-pop superstar superhero, who has been faithfully recreated from NetEase Games' hit multiplayer title. Inspired by h…",https://bleedingcool.com/collectibles/luna-snow-saves-the-day-with-hot-toys-new-1-6-marvel-rivals-release/,https://bleedingcool.com/wp-content/uploads/2026/07/Hot-Toys-Marvel-Rivals-Luna-Snow-001-2000x1125.jpg,http://web.archive.org/web/20260723061755/https://bleedingcool.com/collectibles/luna-snow-saves-the-day-with-hot-toys-new-1-6-marvel-rivals-release/,"Posted in: Collectibles, Hot Toys | Tagged: hot toys, Marvel Rivals
New 1/6 scale figure is on the way from Hot Toys as it debuts Luna Snow from the hit video game Marvel Rivals
Article Summary
<u… [+2708 chars]",,"Luna Snow rettet den Tag mit der neuen Marvel Rivals-Veröffentlichung im Maßstab 1:6 von Hot Toys. Hot Toys erweitert seine wachsende Marvel Rivals-Reihe um einen weiteren Lieblingshelden der Fans. Am Kampf beteiligt ist Luna Snow, die kryokinetische K-Pop-Superstar-Superheldin, die originalgetreu dem erfolgreichen Multiplayer-Titel von NetEase Games nachempfunden wurde. Inspiriert von ihm…","Luna Snow Saves the Day with Hot Toys New 1/6 Marvel Rivals Release. Hot Toys continues to expand its growing Marvel Rivals lineup with another fan-favorite hero. Joining the fight is Luna Snow, the cryokinetic K-pop superstar superhero, who has been faithfully recreated from NetEase Games' hit multiplayer title. Inspired by h…","Luna Nix Diem servat cum Hot Toys Novae 1/6 Mirare Rivals Release. Hot Toys pergit augere crescentem Mirari Rivales aciem cum alio heroe fan-ventus. Iuncta pugna est Luna Nivis, superhero cryokineticus K-pop, qui fideliter recreatus est ex titulo NetEase Ludi lusoriorum lusorum. Incitatus h...",2026-07-26 19:49:06+00:00
462f05cbb06c2e38a2c1eadb93c47c41,2026-07-25T01:30:19Z,'snow',spacedaily.com,en,0.9,"In 2025, Antarctic drillers reached bedrock and recovered ice that fell as snow 1.2 million years ago — with the air of that vanished world still sealed inside it","A time capsule of ancient air reveals how Earth's climate operated in a world before humans existed.
The post In 2025, Antarctic drillers reached bedrock and recovered ice that fell as snow 1.2 million years ago — with the air of that vanished world still sea…",https://spacedaily.com/t-in-2025-antarctic-drillers-reached-bedrock-and-recovered-ice-that-fell-as-snow-1-2-million-years-ago-with-the-air-of-that-vanished-world-still-sealed-inside-it/,https://spacedaily.com/wp-content/uploads/2026/07/newimagesize-2026-07-25T072103.762.png,http://web.archive.org/web/20260725025807/https://spacedaily.com/t-in-2025-antarctic-drillers-reached-bedrock-and-recovered-ice-that-fell-as-snow-1-2-million-years-ago-with-the-air-of-that-vanished-world-still-sealed-inside-it/,"In January 2025, an international drilling team at Little Dome C in East Antarctica reached the rock beneath the ice sheet. The hole was 2,800 metres deep. Inside the recovered core was a continuous … [+6888 chars]",,"Im Jahr 2025 erreichten antarktische Bohrer das Grundgestein und holten Eis zurück, das vor 1,2 Millionen Jahren als Schnee gefallen war – in dem noch immer die Luft dieser verschwundenen Welt eingeschlossen war. Eine Zeitkapsel aus alter Luft enthüllt, wie das Klima auf der Erde in einer Welt funktionierte, bevor es Menschen gab.
Der Beitrag Im Jahr 2025 erreichten antarktische Bohrer das Grundgestein und holten Eis zurück, das vor 1,2 Millionen Jahren als Schnee fiel – während die Luft dieser verschwundenen Welt noch immer Meer war …","In 2025, Antarctic drillers reached bedrock and recovered ice that fell as snow 1.2 million years ago — with the air of that vanished world still sealed inside it. A time capsule of ancient air reveals how Earth's climate operated in a world before humans existed.
The post In 2025, Antarctic drillers reached bedrock and recovered ice that fell as snow 1.2 million years ago — with the air of that vanished world still sea…","Anno 2025 , antarctici turibula petram attigerunt et glaciem recuperaverunt quae ante 1.2 miliones annorum sicut nix cecidit — cum aer illius mundi evanuit adhuc intus obsignatus est. Tempus capsulae antiqui aeris indicat quomodo clima Telluris in mundo operata est antequam homines essent.
Postes Anno 2025 , antarctici aridum petram attigerunt et glaciem recuperaverunt quae 1.2 miliones abhinc annis sicut nix cecidit — cum aer illius mundi adhuc mare evanuit.",2026-07-26 19:49:06+00:00
4e900d426c1fba40f54755942ace7c6c,2026-07-24T12:00:00Z,'winter service',www.rand.org,en,0.7,Is Summer the New Winter? It Might Be for European Health Systems,"As heatwaves grow more frequent, intense, and prolonged, they are placing increasing strain on health services across Europe. Is this becoming Europe’s new normal?",https://www.rand.org/pubs/commentary/2026/07/is-summer-the-new-winter-it-might-be-for-european-health.html,https://www.rand.org/content/rand/pubs/commentary/2026/07/is-summer-the-new-winter-it-might-be-for-european-health/jcr:content/par/teaser.crop.1200x900.cm.jpeg/1784910533526.jpeg,,"Ambulances are queuing. Patients are sitting for hours in overcrowded waiting rooms. Others, who have been lucky enough to have had an initial assessment, are lying on trolleys along corridors wonder… [+6041 chars]",,"Ist der Sommer der neue Winter? Es könnte für die europäischen Gesundheitssysteme von Nutzen sein. Da Hitzewellen häufiger, intensiver und länger werden, stellen sie eine zunehmende Belastung für die Gesundheitsdienste in ganz Europa dar. Wird dies zur neuen Normalität Europas?","Is Summer the New Winter? It Might Be for European Health Systems. As heatwaves grow more frequent, intense, and prolonged, they are placing increasing strain on health services across Europe. Is this becoming Europe’s new normal?","Estne aestas Nova hiems? Esset pro Systemate Sanitatis Europaeae. Dum aestus magis crebrescit, intensus et diuturnus est, in dies magis intenditur ad officia sanitatis per Europam. Estne hoc novum normale in Europa fieri?",2026-07-27 10:28:57+00:00
538d368c30bae80949d1ee89dc02f627,2026-07-17T15:18:19Z,'frost weather',biztoc.com,en,0.8,Ribena owner invests in helping blackcurrants withstand extreme weather,"The £200,000 move comes after harvests in Britain hit by wet winter, spring frost and hail, then heatwaves
The owner of Ribena is to invest £200,000 in helping blackcurrant bushes withstand stress after extreme weather put a squeeze on this year’s UK harvest.…",https://biztoc.com/x/5b14a36e1362a04a,https://biztoc.com/cdn/5b14a36e1362a04a_s.webp,,"The £200,000 move comes after harvests in Britain hit by wet winter, spring frost and hail, then heatwavesThe owner of Ribena is to invest £200,000 in helping blackcurrant bushes withstand stress aft… [+144 chars]",,"Ribena-Eigentümer investiert in die Widerstandsfähigkeit schwarzer Johannisbeeren gegen extreme Wetterbedingungen. Der Umzug in Höhe von 200.000 Pfund erfolgt, nachdem die Ernten in Großbritannien von einem nassen Winter, Frühlingsfrost und Hagel sowie anschließend von Hitzewellen betroffen waren
Der Eigentümer von Ribena wird 200.000 Pfund investieren, um schwarzen Johannisbeersträuchern dabei zu helfen, Stress standzuhalten, nachdem extreme Wetterbedingungen die diesjährige Ernte in Großbritannien beeinträchtigt haben.…","Ribena owner invests in helping blackcurrants withstand extreme weather. The £200,000 move comes after harvests in Britain hit by wet winter, spring frost and hail, then heatwaves
The owner of Ribena is to invest £200,000 in helping blackcurrant bushes withstand stress after extreme weather put a squeeze on this year’s UK harvest.…","Dominus Ribena investit in adiuvandis meris sustinendis tempestatibus extremam. Motus £200,000 motus venit postquam messes in Britannia hyeme udo, gelu et grandine, deinde heatwaves
Dominus Ribena debet collocare £200,000 in fruticibus nigris iuvandis sustinere accentus post extremam tempestatem pressionem in messi UK huius anni.…",2026-07-27 15:28:16+00:00
06f9969b73b73c1e96ca54fba3ef045a,2026-07-23T20:33:11Z,'slippery roads',economictimes.indiatimes.com,en,0.9,"African proverb of the day: 'Do not laugh at the fallen; you may find...' Life lessons from inspirational proverb on humility, empathy, unpredictability, misfortune, failure, mockery, vulnerability and respect","African proverb of the day highlights the message, ""Do not laugh at the fallen; you may find slippery roads ahead."" The proverb teaches humility, empathy, respect and the reality that life can change without warning. It reminds people not to mock those facing…",https://economictimes.indiatimes.com/news/international/us/african-proverb-of-the-day-do-not-laugh-at-the-fallen-you-may-find-life-lessons-from-inspirational-proverb-on-humility-empathy-unpredictability-misfortune-failure-mockery-vulnerability-and-respect/articleshow/132591502.cms,"https://img.etimg.com/thumb/msid-132591532,width-1200,height-630,imgsize-2424889,overlay-economictimes/articleshow.jpg",http://web.archive.org/web/20260723233222/https://economictimes.indiatimes.com/news/international/us/african-proverb-of-the-day-do-not-laugh-at-the-fallen-you-may-find-life-lessons-from-inspirational-proverb-on-humility-empathy-unpredictability-misfortune-failure-mockery-vulnerability-and-respect/articleshow/132591502.cms,"African proverb of the day continues to offer lessons that remain useful in modern life. One traditional saying states, ""Do not laugh at the fallen; you may find slippery roads ahead."" The proverb re… [+5580 chars]",,"Afrikanisches Sprichwort des Tages: „Lache nicht über die Gefallenen; Sie werden vielleicht finden...‘ Lektionen fürs Leben aus einem inspirierenden Sprichwort über Demut, Empathie, Unberechenbarkeit, Unglück, Versagen, Spott, Verletzlichkeit und Respekt. Das afrikanische Sprichwort des Tages unterstreicht die Botschaft: „Lachen Sie nicht über die Gefallenen; Sie könnten rutschige Straßen vor sich haben.“ Das Sprichwort lehrt Demut, Empathie, Respekt und die Realität, dass sich das Leben ohne Vorwarnung ändern kann. Es erinnert die Menschen daran, sich nicht über diejenigen lustig zu machen, denen sie gegenüberstehen ...","African proverb of the day: 'Do not laugh at the fallen; you may find...' Life lessons from inspirational proverb on humility, empathy, unpredictability, misfortune, failure, mockery, vulnerability and respect. African proverb of the day highlights the message, ""Do not laugh at the fallen; you may find slippery roads ahead."" The proverb teaches humility, empathy, respect and the reality that life can change without warning. It reminds people not to mock those facing…","Africani diei proverbium : ' Ne despicias lapsos ; vitae documenta ex inspiratione proverbii de humilitate, empathy, inaestimabilitate, infortunio, defectu, ludibrio, lusu et reverentia. Africanus diei proverbium nuntium effert, "" Lapsum ne rideas ; lubricas invenies vias "" . Humilitatem, empathy, reverentiam et veritatem docet proverbium, quod sine admonitione vitam mutare potest. Commemorat homines ne irrideant adversus eos…",2026-07-27 20:08:33+00:00
4cb47ce612a794953b00840d0fb6695a,2026-07-26T10:55:40Z,'snow',www.nakedcapitalism.com,en,0.9,Links 7/26/2026,"Our strategic daily links: pyramid scheme, viagra vs cancer, snow drought, Chinese robo-trucks, Mideast horrors, Ukraine burning, vanishing privacy, Trumpishness, Musk world, hapless Democrats, immigration troubles, Mr. market, AI, and wretched excess",https://www.nakedcapitalism.com/2026/07/links-7-26-2026.html,https://www.nakedcapitalism.com/wp-content/uploads/2026/07/Goldfinch.jpg,http://web.archive.org/web/20260726182848/https://www.nakedcapitalism.com/2026/07/links-7-26-2026.html,"In 2016, 18-year-old Andrej Ciesielski secretly climbed the Great Pyramid of Giza with a GoPro, filming the whole thing.
Halfway up the 146-meter pyramid, police noticed him but he kept going, riski… [+9186 chars]",,"Links 26.07.2026. Unsere strategischen täglichen Links: Pyramidensystem, Viagra vs. Krebs, Schneedürre, chinesische Robo-Trucks, Schrecken im Nahen Osten, brennende Ukraine, verschwindende Privatsphäre, Trumpismus, Musk-Welt, unglückliche Demokraten, Einwanderungsprobleme, Mr. Market, KI und erbärmliche Exzesse","Links 7/26/2026. Our strategic daily links: pyramid scheme, viagra vs cancer, snow drought, Chinese robo-trucks, Mideast horrors, Ukraine burning, vanishing privacy, Trumpishness, Musk world, hapless Democrats, immigration troubles, Mr. market, AI, and wretched excess","Vincula 7/26/2026. Nostris opportuna cotidiani nexus: pyramis schema, cancri viagra, nix siccitas, Sinica robo- aliquet, horrores Mideast, Ucraina ardens, secretum evanescens, Trumpishness, Mundus Musk, Democratae miserae, Immigratio molestiarum, forum Dominus, AI, et misera excessus.",2026-07-28 04:47:51+00:00
607ace17fdf04c6660680f1e09e0e074,2026-07-27T00:07:04Z,'snow',www.lifesciencesworld.com,en,0.9,Are 11 billion snow crabs missing?,"Are 11 Billion Snow Crabs Missing? A Disaster in the Bering Sea The answer is a resounding yes. Scientists confirm that roughly 11 billion snow crabs have vanished from the Bering Sea in recent years, representing a colossal ecological loss and posing signifi…",https://www.lifesciencesworld.com/are-11-billion-snow-crabs-missing/,,,"The answer is a resounding yes. Scientists confirm that roughly 11 billion snow crabs have vanished from the Bering Sea in recent years, representing a colossal ecological loss and posing significant… [+8990 chars]",,"Fehlen 11 Milliarden Schneekrabben? Fehlen 11 Milliarden Schneekrabben? Eine Katastrophe im Beringmeer Die Antwort ist ein klares Ja. Wissenschaftler bestätigen, dass in den letzten Jahren rund 11 Milliarden Schneekrabben aus dem Beringmeer verschwunden sind, was einen kolossalen ökologischen Verlust darstellt und erhebliche Auswirkungen auf das Meer hat.","Are 11 billion snow crabs missing?. Are 11 Billion Snow Crabs Missing? A Disaster in the Bering Sea The answer is a resounding yes. Scientists confirm that roughly 11 billion snow crabs have vanished from the Bering Sea in recent years, representing a colossal ecological loss and posing signifi…","Suntne 11 miliarda nix cancri absentis?. Sunt XI Billion indicem cancri Nubila Absentis? Calamitas in mari Beringiano responsio est sic resonans. Scientistae confirmant fere 11 miliarda cancri nivis e Mare Beringio annis proximis evanuisse, colossalem oecologicam repraesentantes iacturam ac ponentes signifi…",2026-07-28 04:47:51+00:00
d91e10de83452d49c6e23c7c960a00f3,2026-07-23T04:01:00Z,'snow',science.nasa.gov,en,0.7,Olympic Mountain Glory,Snow-capped mountains carved by deep river valleys preside over northwestern Washington state.,https://science.nasa.gov/earth/earth-observatory/olympic-mountain-glory/,https://assets.science.nasa.gov/content/dam/science/esd/eo/images/iotd/2026/olympic-mountain-glory/ISS047-E-104144_th.jpg/jcr:content/renditions/cq5dam.web.1280.1280.jpeg,http://web.archive.org/web/20260724023222/https://science.nasa.gov/earth/earth-observatory/olympic-mountain-glory/,"Alpine glaciers, wild coastlines, temperate rainforests, and deep river valleys coexist on the Olympic Peninsula in the northwest corner of Washington state. Surrounded by blue waters, peaceful islan… [+4914 chars]",,"Olympischer Bergruhm. Schneebedeckte Berge, die von tiefen Flusstälern geformt wurden, prägen den Nordwesten des Bundesstaates Washington.",Olympic Mountain Glory. Snow-capped mountains carved by deep river valleys preside over northwestern Washington state.,Mons Olympicus Gloria. Montes nivei-capped ab altis fluminibus vallibus caelati praesident civitati Washington septentrionali.,2026-07-28 09:21:48+00:00
c248222c30748da5506b1913075c403b,2026-07-27T11:20:00Z,'snow',www.prnewswire.com,en,0.9,Global Times: Witness plateau miracle on a 100-kilometer road to Xizang's Medog,"BEIJING, July 27, 2026 /PRNewswire/ -- The year 2026 marks the 105th anniversary of the founding of the Communist Party of China (CPC). Recently, Global Times reporters traveled to the Gobi Desert, snow-covered plateaus and remote mountain regions to document…",https://www.prnewswire.com/news-releases/global-times-witness-plateau-miracle-on-a-100-kilometer-road-to-xizangs-medog-302835157.html,,,"BEIJING, July 27, 2026 /PRNewswire/ -- The year 2026 marks the 105th anniversary of the founding of the Communist Party of China (CPC). Recently, Global Times reporters traveled to the Gobi Desert, s… [+10702 chars]",,"Global Times: Erleben Sie das Plateau-Wunder auf einer 100 Kilometer langen Straße nach Xizangs Medog. PEKING, 27. Juli 2026 /PRNewswire/ -- Das Jahr 2026 markiert den 105. Jahrestag der Gründung der Kommunistischen Partei Chinas (KPCh). Kürzlich reisten Reporter der Global Times in die Wüste Gobi, zu schneebedeckten Hochebenen und abgelegenen Bergregionen, um zu dokumentieren…","Global Times: Witness plateau miracle on a 100-kilometer road to Xizang's Medog. BEIJING, July 27, 2026 /PRNewswire/ -- The year 2026 marks the 105th anniversary of the founding of the Communist Party of China (CPC). Recently, Global Times reporters traveled to the Gobi Desert, snow-covered plateaus and remote mountain regions to document…","Global Times: Testis miraculum campestris in via 100-kilometri ad Medog Xizang. BEIJING, die 27 Iulii 2026 /PRNewswire/ -- Annus 2026 notat CV anniversarium factionis Communistae Sinensis fundationis (CPC). Nuper, Global tempora notarii ad Gobi Desertum iter, regiones nives tectas et regiones montanas remotas ad documentum…",2026-07-28 15:04:06+00:00
3e515a69145e92023b7f09b42076b04a,2026-07-15T23:50:12Z,'snow',bringatrailer.com,en,0.7,Exclusive Snowbird Ski Resort Off-Road Experience with Shaun Whale for the Land Cruiser Heritage Museum at No Reserve,"This charity auction offers its winner and one guest an opportunity to join a small-group expedition to the top of Snowbird Ski Resort’s 11,000-ft Hidden Peak, followed by a descent into Mineral Basin. The winner will ride alongside Land Cruiser enthusiast an…",https://bringatrailer.com/listing/2027-utah-snowbird-ski-resort-summit-off-road-adventure-with-land-cruiser-enthusiast-shaun-whale/,https://bringatrailer.com/wp-content/uploads/2026/06/2027_utah_snowbird-ski-resort-summit-off-road-adventure-with-land-cruiser-enthusiast-shaun-whale_whale_1_28129-24615.jpg,,"This charity auction offers its winner and one guest an opportunity to join a small-group expedition to the top of Snowbird Ski Resorts 11,000-ft Hidden Peak, followed by a descent into Mineral Basin… [+2985 chars]",,"Exklusives Offroad-Erlebnis im Skigebiet Snowbird mit Shaun Whale für das Land Cruiser Heritage Museum im No Reserve. Diese Wohltätigkeitsauktion bietet dem Gewinner und einem Gast die Möglichkeit, an einer Expedition in kleiner Gruppe zum Gipfel des 11.000 Fuß hohen Hidden Peak im Snowbird Ski Resort teilzunehmen, gefolgt von einem Abstieg in das Mineral Basin. Der Gewinner wird an der Seite eines Land Cruiser-Enthusiasten fahren …","Exclusive Snowbird Ski Resort Off-Road Experience with Shaun Whale for the Land Cruiser Heritage Museum at No Reserve. This charity auction offers its winner and one guest an opportunity to join a small-group expedition to the top of Snowbird Ski Resort’s 11,000-ft Hidden Peak, followed by a descent into Mineral Basin. The winner will ride alongside Land Cruiser enthusiast an…","Exclusiva Snowbird Ski Obstinatus Off-Road Usus cum Shaun Whale ad Terrae Heritage Museum apud No Subsidium. Auctio haec caritas suum victorem et unum hospitem occasionem praebet ut expeditionem parvam group iungeret cum summo de Snowbird Ski Resort 11.000-ft Peak Occultus, sequitur descensus in Basin mineralis. Victor equitabit iuxta Terram Yariarum fanaticus an…",2026-07-29 14:57:04+00:00
fd290b02c4234d2eb68d17d9452a2391,2026-07-27T12:15:20Z,'snow',slickdeals.net,en,0.7,"EGO Power+ 21"" 56V Cordless Snow Blower w/ 2x 5.0Ah Batteries & Dual Port Charger $524 + Free S&H","Amazon [amazon.com] has *EGO Power+ 21"" 56V Cordless Snow Blower w/ 2x 5.0Ah Batteries & Dual Port Charger* for *$524*. 
*Shipping is free*. 
 
*** Previous *Popular Deal* at *$524* with *13* Deal...",https://slickdeals.net/f/19812633-524-ego-power-21-56v-cordless-snow-blower-w-2x-5-0ah-batteries-dual-port-charger-at-amazon,https://slickdeals.net/attachment/1/1/7/1/5/2/7/450x450/21112836.thumb,,"Good deal if you have other EGO that can use 5Ah batteries during off season. As for "" is a right snowblower"" it really depends on what kind of snow/ice, how much, and how quickly it falls/how many t… [+392 chars]",,"EGO Power+ 21"" 56V Akku-Schneefräse mit 2x 5,0Ah Akkus und Dual-Port-Ladegerät 524 $ + kostenloser Versand. Amazon [amazon.com] hat *EGO Power+ 21"" 56V Akku-Schneefräse mit 2x 5,0Ah Akkus und Dual-Port-Ladegerät* für *524$*. 
*Der Versand ist kostenlos*. 
 
*** Vorheriges *Beliebtes Angebot* für *524$* mit *13* Angebot...","EGO Power+ 21"" 56V Cordless Snow Blower w/ 2x 5.0Ah Batteries & Dual Port Charger $524 + Free S&H. Amazon [amazon.com] has *EGO Power+ 21"" 56V Cordless Snow Blower w/ 2x 5.0Ah Batteries & Dual Port Charger* for *$524*. 
*Shipping is free*. 
 
*** Previous *Popular Deal* at *$524* with *13* Deal...","EGO Power+ 21"" 56V Cordless Nix Blower w/2x 5.0Ah Batteries & Dual Port Charger $524 + Free S&H. Amazon [amazon.com] has *EGO Power+ 21"" 56V Cordless Nix Blower w/2x 5.0Ah Batteries & Dual Portus Charger* for *$524*. 
*Navis libera est*. 
 
*** Previous * Popular Fac apud *$524* cum XIII fac...",2026-07-29 19:56:25+00:00
1b8c996b3079f464991dffc8eff5c47d,2026-07-15T12:06:01Z,'snow ice',www.ign.com,en,0.7,"It's Been 15 Years Since Game of Thrones' HBO Debut, And Now There's Official British Money to Celebrate","It's been 15 years since the first season of Game of Thrones debuted on HBO, captivating audiences with the story of Ned Stark, Jon Snow and Daenerys Targaryen.",https://www.ign.com/articles/its-been-15-years-since-game-of-thrones-hbo-debut-and-now-theres-official-british-money-to-celebrate,https://assets-prd.ignimgs.com/2026/07/15/b63f4cc8651ce2a059e1c9e80a6185fe-1784116620727.jpg?width=1280&format=jpg&auto=webp&quality=80,,"It's been 15 years since the first season of Game of Thrones debuted on HBO, captivating audiences with the story of Ned Stark, Jon Snow, and Daenerys Targaryen.
The show's hit first season saw Ned … [+1737 chars]",,"Seit dem HBO-Debüt von Game of Thrones sind 15 Jahre vergangen, und jetzt gibt es offizielles britisches Geld zum Feiern. Es ist 15 Jahre her, dass die erste Staffel von Game of Thrones auf HBO debütierte und das Publikum mit der Geschichte von Ned Stark, Jon Snow und Daenerys Targaryen fesselte.","It's Been 15 Years Since Game of Thrones' HBO Debut, And Now There's Official British Money to Celebrate. It's been 15 years since the first season of Game of Thrones debuted on HBO, captivating audiences with the story of Ned Stark, Jon Snow and Daenerys Targaryen.","15 Annos fuit Cum Ludus Thronorum HBO Debut, Et Nunc Est Publica Pecunia Britannica Celebrare. XV annos a primo tempore ludi thronorum de HBO disputatum est, auditores captans cum historia de Ned Stark, Jon Nivis et Daenerys Targaryen.",2026-07-30 09:16:43+00:00
4650c10b56a0a268146db0a36a81f227,2026-07-25T16:43:18Z,'snow',nypost.com,en,0.9,Frigid feat: Man buried in snow for over 2 hours earns Guinness World Record,Polish daredevil Damian Kasprzyk set a Guinness World Record for longest full-body contact with snow — burying himself for over two hours in freezing conditions.,https://nypost.com/2026/07/25/world-news/man-buried-in-snow-for-over-2-hours-earns-guinness-world-record/,https://nypost.com/wp-content/uploads/sites/2/2026/07/135466342.jpg?quality=75&strip=all&w=1200,,"He didn’t get cold feet.
A daredevil who was buried in snow for over two hours earned a Guinness World Record.
Damian Kasprzyk of Poland took home the title for longest time spent in direct full bo… [+2029 chars]",,"Kalte Leistung: Mann, der über zwei Stunden im Schnee begraben ist, stellt Guinness-Weltrekord auf. Der polnische Draufgänger Damian Kasprzyk stellte einen Guinness-Weltrekord für den längsten Ganzkörperkontakt mit Schnee auf – er vergrub sich über zwei Stunden lang bei eisigen Bedingungen.",Frigid feat: Man buried in snow for over 2 hours earns Guinness World Record. Polish daredevil Damian Kasprzyk set a Guinness World Record for longest full-body contact with snow — burying himself for over two hours in freezing conditions.,Frigidum facinus: Homo in nive sepultus per 2 horas plus quam meretur Guinness World Record. Polonus ausus est Damianus Kasprzyk Guinness World Record in longissima nivis contactu corporis constituit - se sepeliens per duas horas in torpore condi- tionis.,2026-07-30 09:16:43+00:00
