topic,sentiment_mean,sentiment_std,subjectivity_mean,subjectivity_std,counting
Adaptation,-0.020742127874485608,0.8320775745610551,0.0035003145022839835,0.9741052501872863,63.0
Causes,0.09578193282484065,0.6136121295698811,0.26856720674128004,0.6450246234990903,51.0
Hazard,0.018759314189117613,0.8453439021597555,0.06565090574726544,0.8575987011427355,1002.0
Impacts,-0.05666049226708374,1.1018729460599748,0.2911809168052539,0.934798380436498,50.0
Mitigation,0.0002731662075100957,0.8137128424411741,-0.0404810520105769,0.8388129534620243,14.0
