keyword,sentiment_mean,sentiment_std,subjectivity_mean,subjectivity_std,counting
'frost weather',-0.04335368311096052,0.890414859837225,0.024935398749969463,0.9539441866661069,69.0
'road salt',-0.017341917764890358,0.6404350051997831,0.12447169309749148,0.9043407519924722,20.0
'slippery roads',-0.09126623035066785,1.0235304054305596,0.10152295077991172,0.9752058001777475,68.0
'snow climate change',0.062230268727865544,0.7287912798126249,0.24304344360144683,0.7746408983914577,69.0
'snow ice',-0.05443796713532336,0.9184695453376668,0.07626873530764519,0.9064166228444875,164.0
'snow',0.025584990498024967,0.8526611854883581,0.04879895290228722,0.8567872152264566,901.0
'snowfall',0.036118820295232175,0.8969440403621647,0.046369101614291,0.8755770425956928,213.0
'winter service',0.009006437498189426,0.9124247566105096,-0.024727260592089108,1.0014836200818034,76.0
veryUnusualAndNeverUsedKeyword,-0.01700536406111086,0.84208018978759,0.06217816146251317,1.2568713388443553,14.0
