topic,sentiment_mean,sentiment_std,subjectivity_mean,subjectivity_std,counting
Adaptation,0.031152155691947243,0.76882146566298,0.05411884338682934,0.8958205733363243,40.0
Causes,0.022243939145580004,0.6278427715747497,0.21036980349340895,0.6897205176369635,20.0
Hazard,0.024815045057536504,0.7386084988964173,0.13283198801560528,0.755262778882878,299.0
Impacts,0.35774203654338477,0.6626096609363548,0.44098464447013863,0.6062304710672339,17.0
Mitigation,-0.2771333402183474,0.4553885376155357,0.12312461705647149,0.7411677633624408,3.0
