keyword,sentiment_mean,sentiment_std,subjectivity_mean,subjectivity_std,counting
'frost weather',-0.015425672268318594,0.9054446532250757,0.0211206734113138,0.9495467404970058,65.0
'road salt',-0.022102606290252333,0.7077561207192883,0.08840451444399701,0.9467824097042545,18.0
'slippery roads',-0.06352519094125729,1.0683978816591249,0.2236106483678306,0.9048333553315093,56.0
'snow climate change',0.08544281760772245,0.6535699833524531,,1.0,57.0
'snow ice',0.02804856545089849,0.8800934896289341,0.1085133212726564,0.8921716881524612,107.0
'snow',0.01931804773441262,0.8376630008438618,0.058027123615857115,0.8523543858248389,716.0
'snowfall',0.023865253866505003,0.8954664983346744,0.0315301760815586,0.8408932346139286,178.0
'winter service',-0.03846383508597298,0.8394331591272584,-0.014181900822802773,1.0019870067869467,63.0
veryUnusualAndNeverUsedKeyword,0.07079441997511235,0.6828093009095849,-0.005640479699472826,1.2790117135986705,12.0
