week,sentiment_mean,sentiment_std,subjectivity_mean,subjectivity_std,counting
2025-40,-0.3468052464411045,0.671920921052552,-0.6050743837213207,0.773952016829828,8.0
2025-41,0.09580944827075785,0.8265610224227254,0.22789222273515106,0.6900670316420987,33.0
2025-42,0.02434640219230488,0.6422864401944851,0.16137313049986984,0.8060001578877543,28.0
2025-43,0.03536622304794321,0.7380776603817693,0.06461905038633299,0.7703828547653979,42.0
2025-44,-0.001662651900497352,0.7998841794636963,0.075776677109188,0.779467631238028,76.0
2025-45,0.04921286525589193,0.7192076023642293,0.13521270230347066,0.7779849219052822,159.0
2025-46,-0.06008166115339653,0.7857121903267805,0.027466549191555632,0.8468676104054083,58.0
2025-47,0.12883143540935219,0.8305655242330586,0.30290902096679323,0.7598105210856941,58.0
