week,sentiment_mean,sentiment_std,subjectivity_mean,subjectivity_std,counting
2025-40,0.08774887544220164,0.9195091883738192,-0.37153433602046315,0.8940761869716345,5.0
2025-41,-0.19551371002211018,0.6809223823046421,0.6427910358921824,0.34257662470948186,8.0
2025-42,-0.02814905128490003,0.44312636911303693,0.05990954835645242,0.4458583297586116,5.0
2025-43,0.15644010557798685,0.46893547104545397,-0.005896690802922163,0.6626268622284819,7.0
2025-44,0.10224444817188917,0.5033847712926346,0.5396756212973822,0.20434206960379842,6.0
