keyword,sentiment_mean,sentiment_std,subjectivity_mean,subjectivity_std,counting
'frost weather',-0.13800111016628874,0.9055581555324448,0.14363508526427338,0.9595927298625103,121.0
'road salt',0.08536317877802749,0.8107796331417995,-0.04239619385312391,0.9519782095285336,50.0
'slippery roads',-0.034865285083211454,1.0029845504876,0.026957482857788078,0.9173954966900664,106.0
'snow climate change',-0.009295283782767115,0.8943503567977519,0.10468134250082928,0.8278755906718877,109.0
'snow ice',-0.06179560346216327,0.904884142637043,0.022226156239940564,0.9220195640752701,246.0
'snow',0.038560691535107786,0.8826669192950044,0.03212853347004333,0.8912583600538551,1527.0
'snowfall',0.0023006245624094266,0.9215777634707969,0.10103347552243772,0.9183966841659553,390.0
'winter service',-0.027462701029304103,0.9100593683412447,0.025752911825964533,1.0064692837792026,108.0
veryUnusualAndNeverUsedKeyword,0.04779668115044038,0.911729474356057,0.10280025532441786,1.2334892984117363,14.0
