keyword,sentiment_mean,sentiment_std,subjectivity_mean,subjectivity_std,counting
'frost weather',-0.05374106286179159,0.8813867216269676,0.12287111791301664,0.9436663781669251,105.0
'road salt',0.07229958904912821,0.8191770745756537,0.05470822943099827,0.8963147013976492,47.0
'slippery roads',-0.03335108974270297,0.9897792042922285,0.050050993812095976,0.9496847564839959,100.0
'snow climate change',-0.003094704685488317,0.9067916958784091,0.11241247785891617,0.8233033245071797,109.0
'snow ice',-0.08139407892445677,0.9100568682593949,0.02351246456878889,0.9329215075716892,238.0
'snow',0.03236719442941695,0.8823743391280674,0.03323264809940142,0.8916421195251168,1486.0
'snowfall',0.009334170652163847,0.9163934417083186,0.08590346376229328,0.9072110617469457,372.0
'winter service',-0.03352379609773766,0.9276894678487477,0.01416047360644639,1.0192453084874304,101.0
veryUnusualAndNeverUsedKeyword,0.04934261156079774,0.9113563629317321,0.11348016468420104,1.2334780782620582,14.0
