topic,sentiment_mean,sentiment_std,subjectivity_mean,subjectivity_std,counting
Adaptation,-0.021955671463885985,0.8191319461442447,-9.35163394435574e-05,0.921345651018589,41.0
Causes,0.09003134973959542,0.6910923318123315,0.3102942335718966,0.8081344922322456,21.0
Hazard,0.03755896868423139,0.7479123352915634,0.10331790308438478,0.7746403061401912,373.0
Impacts,0.02202744999365,0.9606391913375099,0.4788738227895688,0.6048952111778375,22.0
Mitigation,-0.2535122875670678,0.4435877293148906,0.13659799221385382,0.6025980838965662,5.0
