keyword,sentiment_mean,sentiment_std,subjectivity_mean,subjectivity_std,counting
'frost weather',0.004366068780781881,0.803647236962608,-0.1582491441112457,0.9313397246294663,17.0
'road salt',-0.2771333402183474,0.4553885376155357,0.12312461705647149,0.7411677633624408,3.0
'slippery roads',0.35774203654338477,0.6626096609363548,0.44098464447013863,0.6062304710672339,17.0
'snow climate change',0.022243939145580004,0.6278427715747497,0.21036980349340895,0.6897205176369635,20.0
'snow ice',-0.001713732667123602,0.5566041100489413,0.0887528648042514,0.7482066585153478,42.0
'snow',0.044111740590186375,0.7287759101694671,0.14830624433416345,0.7395050631826422,181.0
'snowfall',-0.010505602158029502,0.8639089524615783,0.19911510294698817,0.7528911189265988,59.0
'winter service',0.031152155691947243,0.76882146566298,0.05411884338682934,0.8958205733363243,40.0
