keyword,sentiment_mean,sentiment_std,subjectivity_mean,subjectivity_std,counting
'frost weather',-0.14959931744460617,0.8823802694674555,0.15377905540678016,0.9573552310334738,132.0
'road salt',0.07883169640055403,0.7897425328492282,-0.022033422432459798,0.905548681339809,56.0
'slippery roads',-0.041814666917967924,0.9798154538664422,0.04504563279004763,0.8888702469234325,129.0
'snow climate change',0.05678054797896815,0.8973256943416458,0.10354379765220063,0.798822645829999,134.0
'snow ice',-0.08198469877151304,0.9220378329570034,0.009742444163769145,0.9192641318781862,262.0
'snow',0.03305312637613998,0.883300571761404,0.024705273286044632,0.9014746471349943,1652.0
'snowfall',-0.006556297865508645,0.9172054097374676,0.10281666369969947,0.9216132036129031,410.0
'winter service',0.06065859328846417,0.9490284849443001,0.04802442055844147,0.9765223070493475,135.0
veryUnusualAndNeverUsedKeyword,0.08139379168882492,0.9520461935482669,0.1696411912149546,1.2045831402384608,14.0
