week,sentiment_mean,sentiment_std,subjectivity_mean,subjectivity_std,counting
2025-40,-0.21976570077849722,0.7296960979529005,-0.44706991944889524,0.8669922908365204,8.0
2025-41,0.08750554443205105,0.8046633398703594,0.2860351619044808,0.7212156265936883,29.0
2025-42,0.00573697439886698,0.6625412429617797,0.23850140763859545,0.7574163082864049,25.0
2025-43,0.0417881790985652,0.7203133108916874,0.03992569207985988,0.7700101747836876,40.0
2025-44,0.037541652929146845,0.7732567663852585,0.16331254819145036,0.7436839284480128,69.0
2025-45,0.07863943208800762,0.6200544268745307,0.22276261259626004,0.6698141344344254,126.0
