topic,sentiment_mean,sentiment_std,subjectivity_mean,subjectivity_std,counting
Adaptation,-0.055611650210667773,0.8369255150061093,-0.0014763657204485638,0.926569162503121,47.0
Causes,0.0783824583715675,0.7052557507899364,0.29758766644579177,0.7753187600742437,23.0
Hazard,0.04095190906581909,0.7935347556754,0.09724699121446637,0.8103335641034685,563.0
Impacts,-0.09576317989912994,0.9982470225411987,0.35202881342688924,0.7588460001615028,23.0
Mitigation,-0.23347956113810447,0.43957936875397885,0.07070929195198969,0.5278838339541468,5.0
