keyword,sentiment_mean,sentiment_std,subjectivity_mean,subjectivity_std,counting
'frost weather',0.026784269095593876,0.8018960063721454,-0.2672580759681508,0.9548817950801389,15.0
'road salt',-0.29664766349119465,0.4596542474387187,0.11655481483698009,0.7333018453143327,3.0
'slippery roads',0.30317965930966084,0.7230248397344212,0.4457175676343365,0.6078352772747901,16.0
'snow climate change',0.047798541972567596,0.6072633424462229,0.19218506082060488,0.6803473322236091,20.0
'snow ice',0.03645605211642967,0.5547518584374411,0.228973215166774,0.5861529168324722,30.0
'snow',0.05034527459452122,0.7115072556017081,0.15597285653918494,0.7324122128621285,162.0
'snowfall',0.003655843125231835,0.7998147794271293,0.20086441379520611,0.7372895763895003,56.0
'winter service',0.013646375935689486,0.789224350203262,0.03263384218284363,0.8913182222224908,39.0
