topic,sentiment_mean,sentiment_std,subjectivity_mean,subjectivity_std,counting
Hazard,0.008359892023685157,0.6135284647619373,0.2030798129073992,0.6494463113979884,29.0
Mitigation,0.09999999999999999,0.1414213562373095,0.4458333333333333,0.12374368670764578,2.0
