keyword,sentiment_mean,sentiment_std,subjectivity_mean,subjectivity_std,counting
'frost weather',-0.14916240296561104,0.8776827465126278,0.14550018788576527,0.9594986799164923,132.0
'road salt',0.07850217654523847,0.7895723207939096,-0.022247434521321188,0.9057285939713181,56.0
'slippery roads',-0.0323998038846057,0.9784463318549762,0.04185460666317611,0.8909290007903125,127.0
'snow climate change',0.05917344180388661,0.8927888850452499,0.10084264290240619,0.7955400182095429,134.0
'snow ice',-0.07300976066633182,0.9245038857178003,0.02141329389013672,0.919955784825616,259.0
'snow',0.032514660762818406,0.8820592168020843,0.023792938204811494,0.9004106023704611,1633.0
'snowfall',-0.010508943162128614,0.9209685383896151,0.10213562412721239,0.922418278504027,408.0
'winter service',0.058087945130991095,0.9532486923184085,0.0585409727927385,0.9767215801818617,134.0
veryUnusualAndNeverUsedKeyword,0.08365516941622893,0.9432757212608925,0.17004247617787524,1.20381299458503,14.0
