keyword,sentiment_mean,sentiment_std,subjectivity_mean,subjectivity_std,counting
'frost weather',-0.13531761620701452,0.9030424097523291,0.1453018206503136,0.9574518377047194,121.0
'road salt',0.07445629119106036,0.7994001297746258,-0.029664228179127575,0.9247224482993827,54.0
'slippery roads',-0.008560392703445914,0.9932161213877572,0.04245790751396608,0.9175922082329333,119.0
'snow climate change',0.0038653816765223067,0.8922710492945378,0.08885966270820378,0.8164335139057542,121.0
'snow ice',-0.06561493316603348,0.9017725672746291,0.025473774141863102,0.9204212792893772,250.0
'snow',0.034311105806547136,0.8850956726680003,0.030470375190476174,0.8958056014744367,1579.0
'snowfall',-0.0015297669790472475,0.927584217135949,0.0978671798298312,0.9222323836040285,403.0
'winter service',0.013541465575582553,0.9058371135779245,0.01673696557904558,0.9912594731822282,119.0
veryUnusualAndNeverUsedKeyword,0.08141272602301004,0.92614131012072,0.1589052776707944,1.2012051361962157,14.0
