topic,sentiment_mean,sentiment_std,subjectivity_mean,subjectivity_std,counting
Adaptation,0.013646375935689486,0.789224350203262,0.03263384218284363,0.8913182222224908,39.0
Causes,0.047798541972567596,0.6072633424462229,0.19218506082060488,0.6803473322236091,20.0
Hazard,0.037483506494327044,0.7181523961828719,0.14911260083152075,0.7370445099554237,263.0
Impacts,0.30317965930966084,0.7230248397344212,0.4457175676343365,0.6078352772747901,16.0
Mitigation,-0.29664766349119465,0.4596542474387187,0.11655481483698009,0.7333018453143327,3.0
