keyword,sentiment_mean,sentiment_std,subjectivity_mean,subjectivity_std,counting
'frost weather',-0.051061881180715606,0.8882839644563775,0.12196196459765098,0.9434415864792263,105.0
'road salt',0.07203506286243232,0.812066657098537,0.02024534762246168,0.9126039846527938,48.0
'slippery roads',-0.031684555909800655,0.9934275661997631,0.0386007861461913,0.9290785378490233,103.0
'snow climate change',-0.004662244502170427,0.8927924951969499,0.11466576446335754,0.8289457461715254,109.0
'snow ice',-0.06654139787066396,0.9018344826294974,0.02395228222721874,0.9266586305102281,242.0
'snow',0.03290557184013494,0.8855226007147918,0.031276480315884043,0.8909395283666642,1502.0
'snowfall',-0.0014229833313294928,0.9174316650802279,0.09866488157428448,0.9176803740280817,388.0
'winter service',-0.0333607877444527,0.9185915858438357,0.010767467499702827,1.0188238554151197,104.0
veryUnusualAndNeverUsedKeyword,0.04605497690027159,0.9122312845507881,0.11052670382534502,1.2355317391749017,14.0
