topic,sentiment_mean,sentiment_std,subjectivity_mean,subjectivity_std,counting
Adaptation,0.05608664998752787,0.948457821620738,0.047348052304053555,0.9929013476372955,126.0
Causes,0.050539269414729915,0.8851708671126994,0.09768559996843024,0.7966302443505782,133.0
Hazard,0.005831021527199444,0.8930464149386006,0.04532126304223215,0.907048467245414,2401.0
Impacts,-0.036474446896253926,0.9924433875500527,0.034822137309302455,0.9043201720602693,123.0
Mitigation,0.0740860090151907,0.7942160597263648,-0.03378364673819922,0.9277668162932596,55.0
