keyword,sentiment_mean,sentiment_std,subjectivity_mean,subjectivity_std,counting
'frost weather',-0.005114333736345464,0.8962250365730349,0.030506753371812575,0.9556620996728301,59.0
'road salt',0.0002731662075100957,0.8137128424411741,-0.0404810520105769,0.8388129534620243,14.0
'slippery roads',-0.05666049226708374,1.1018729460599748,0.2911809168052539,0.934798380436498,50.0
'snow climate change',0.09578193282484065,0.6136121295698811,0.26856720674128004,0.6450246234990903,51.0
'snow ice',0.08439483819879988,0.8491519319569742,0.09511023037339301,0.8730283192375491,96.0
'snow',0.013072972749502983,0.8282778160398143,0.06856543824432941,0.8516094655275633,675.0
'snowfall',0.013393537691629622,0.8963453709496103,0.05016845830411164,0.8442248042321566,172.0
'winter service',-0.020742127874485608,0.8320775745610551,0.0035003145022839835,0.9741052501872863,63.0
veryUnusualAndNeverUsedKeyword,0.02973330191888035,0.6474850088857551,-0.5310605598888067,0.8678747953910363,8.0
