topic,sentiment_mean,sentiment_std,subjectivity_mean,subjectivity_std,counting
Causes,0.0625,1.0,0.08333333333333333,1.0,1.0
Hazard,0.03764113029792017,0.5837936666530548,0.15541356349242402,0.6105722253281399,45.0
Mitigation,-0.5214155711933428,1.0202356848887584,0.9625977795734191,0.8545589751325972,2.0
