topic,sentiment_mean,sentiment_std,subjectivity_mean,subjectivity_std,counting
Adaptation,0.009979583280595323,0.9040013785033291,0.01562419437730301,0.9921149345135366,118.0
Causes,-0.0037573183980924123,0.8841642219113234,0.08624120220775891,0.8264175113709841,115.0
Hazard,0.010192191393078405,0.8953037211896226,0.04867504217084139,0.9045755414286147,2334.0
Impacts,-0.028728977776144724,0.9997946368661895,0.031195488964248067,0.9264791624361977,113.0
Mitigation,0.07664228174874366,0.8161636751751922,-0.048330495842621196,0.9327486387145119,52.0
