topic,sentiment_mean,sentiment_std,subjectivity_mean,subjectivity_std,counting
Adaptation,0.0703013137798221,0.9475518998478502,0.052889156080113436,0.9759104782214677,136.0
Causes,0.04059896656356779,0.8872799635490052,0.10206784645171942,0.801852244632132,136.0
Hazard,0.004854024256884453,0.8954021806065586,0.04217164360911622,0.9102659782695041,2497.0
Impacts,-0.03720871815862391,0.9762684420205537,0.04333625008221982,0.8888037070019463,130.0
Mitigation,0.0759956356040106,0.7881361531188413,-0.019947912829303964,0.9071082967514172,56.0
