keyword,sentiment_mean,sentiment_std,subjectivity_mean,subjectivity_std,counting
'frost weather',-0.13870969882832732,0.9051440370751307,0.1430328857870897,0.961117085713179,121.0
'road salt',0.07664228174874366,0.8161636751751922,-0.048330495842621196,0.9327486387145119,52.0
'slippery roads',-0.028728977776144724,0.9997946368661895,0.031195488964248067,0.9264791624361977,113.0
'snow climate change',-0.0037573183980924123,0.8841642219113234,0.08624120220775891,0.8264175113709841,115.0
'snow ice',-0.06288576136080397,0.9034534402076703,0.025481884912837514,0.9210447786068783,248.0
'snow',0.03604004813455329,0.8842980585013186,0.03082988201285177,0.8941525685118851,1564.0
'snowfall',-0.0008595364109654198,0.9257924246553536,0.10403177058729692,0.9166505484630384,401.0
'winter service',0.009979583280595323,0.9040013785033291,0.01562419437730301,0.9921149345135366,118.0
veryUnusualAndNeverUsedKeyword,0.07495124293911104,0.9248887769912734,0.1621291499101026,1.200532191645243,14.0
