topic,sentiment_mean,sentiment_std,subjectivity_mean,subjectivity_std,counting
Adaptation,-0.002134746543907716,0.9162008223317377,0.033977168376838576,0.9950215110726571,111.0
Causes,-0.006313516270215539,0.8840442885389856,0.08753250392346072,0.8227958459017376,115.0
Hazard,0.011086539105639887,0.894466197176923,0.04831998054809024,0.9041039703926118,2311.0
Impacts,-0.03706426528926708,1.0011272518152738,0.013633360779498711,0.9333581411584452,110.0
Mitigation,0.08097057013345536,0.8144825472748165,-0.035142656236922136,0.9452425192072507,50.0
