topic,sentiment_mean,sentiment_std,subjectivity_mean,subjectivity_std,counting
Adaptation,-0.027462701029304103,0.9100593683412447,0.025752911825964533,1.0064692837792026,108.0
Causes,-0.009295283782767115,0.8943503567977519,0.10468134250082928,0.8278755906718877,109.0
Hazard,0.012271322514706615,0.8936988503018417,0.04875826183261589,0.9030355668341867,2284.0
Impacts,-0.034865285083211454,1.0029845504876,0.026957482857788078,0.9173954966900664,106.0
Mitigation,0.08536317877802749,0.8107796331417995,-0.04239619385312391,0.9519782095285336,50.0
