topic,sentiment_mean,sentiment_std,subjectivity_mean,subjectivity_std,counting
Adaptation,0.058087945130991095,0.9532486923184085,0.0585409727927385,0.9767215801818617,134.0
Causes,0.05917344180388661,0.8927888850452499,0.10084264290240619,0.7955400182095429,134.0
Hazard,0.004261665239846114,0.893852816901132,0.0433063555815004,0.9097209188752959,2432.0
Impacts,-0.0323998038846057,0.9784463318549762,0.04185460666317611,0.8909290007903125,127.0
Mitigation,0.07850217654523847,0.7895723207939096,-0.022247434521321188,0.9057285939713181,56.0
