topic,sentiment_mean,sentiment_std,subjectivity_mean,subjectivity_std,counting
Adaptation,0.009006437498189426,0.9124247566105096,-0.024727260592089108,1.0014836200818034,76.0
Causes,0.062230268727865544,0.7287912798126249,0.24304344360144683,0.7746408983914577,69.0
Hazard,0.014078089480316943,0.8693803811725448,0.050498552299175596,0.8701046198200024,1347.0
Impacts,-0.09126623035066785,1.0235304054305596,0.10152295077991172,0.9752058001777475,68.0
Mitigation,-0.017341917764890358,0.6404350051997831,0.12447169309749148,0.9043407519924722,20.0
