topic,sentiment_mean,sentiment_std,subjectivity_mean,subjectivity_std,counting
Adaptation,-0.04584497935165677,0.8620026611193016,-0.010209998226219564,0.9418070798658151,44.0
Causes,0.07197895666222764,0.6923634862591833,0.31736742520340694,0.7983393624150804,23.0
Hazard,0.04205970913669754,0.7835824444893663,0.09534596519925229,0.8004940714070348,493.0
Impacts,-0.061000736626961725,0.9764378126512071,0.39598759239735243,0.7233531301270049,23.0
Mitigation,-0.2615170774523414,0.4464379013442738,0.10398832628793139,0.5620461183072348,5.0
