keyword,sentiment_mean,sentiment_std,subjectivity_mean,subjectivity_std,counting
'frost weather',0.09804401145198816,0.8484354771051072,-0.01104401145198799,0.8727218857766261,10.0
'road salt',-0.5214155711933428,1.0202356848887584,0.9625977795734191,0.8545589751325972,2.0
'snow climate change',0.0625,1.0,0.08333333333333333,1.0,1.0
'snow ice',-0.12736892706218253,0.5451864219040518,0.09346440627115116,0.6935684768936453,3.0
'snow',0.03423492281478356,0.5017478926687962,0.21323928915204712,0.5140186135455242,32.0
