keyword,sentiment_mean,sentiment_std,subjectivity_mean,subjectivity_std,counting
'frost weather',-0.14633400619697925,0.8825817842799027,0.1492471574945145,0.9576142719631714,132.0
'road salt',0.07738731928082511,0.7871918118220924,-0.020353773514280322,0.9071811927598705,56.0
'slippery roads',-0.039163471924559476,0.9784216864307341,0.04178784903613725,0.8910158964732959,129.0
'snow climate change',0.06459508774577714,0.9029989865009789,0.1073335865223276,0.7995973496008002,134.0
'snow ice',-0.08072450822685902,0.9187311008809377,0.01309119311209041,0.9203384713728584,264.0
'snow',0.032107684820020084,0.8844274056733726,0.024137716095886365,0.9008227203813174,1669.0
'snowfall',-0.009012092317294855,0.9159764906711778,0.10118301002014146,0.9246586010418998,414.0
'winter service',0.06527691848057009,0.9506323762860814,0.05091751442392804,0.9765441656991679,136.0
veryUnusualAndNeverUsedKeyword,0.08059659679112345,0.9510220601649793,0.1707273354508216,1.2040273255932579,14.0
