keyword,sentiment_mean,sentiment_std,subjectivity_mean,subjectivity_std,counting
'frost weather',0.0957064195434651,0.7969699901491775,-0.20207112243799766,0.99294747896387,34.0
'road salt',-0.17194372709443895,0.6928176109555013,0.242433765742309,0.8705297509750677,9.0
'slippery roads',-0.039880122045914373,1.059954878691532,0.3697210224893064,0.7905550814282999,26.0
'snow climate change',0.08692304585067187,0.6418851855122412,0.3531969332493952,0.7281469990548285,27.0
'snow ice',0.07456435567290204,0.6275203051001541,0.1269680842951747,0.719914833157362,61.0
'snow',0.024388459623468802,0.8171745493000259,0.09007249782858788,0.8320096932820507,450.0
'snowfall',0.031294580499374065,0.8914912959542114,0.09283094140387643,0.7854230818149582,119.0
'winter service',-0.06629145202496212,0.7917614150566784,-0.01283682494760568,0.9176436762097997,50.0
veryUnusualAndNeverUsedKeyword,-0.00208177634085136,0.5219252601669947,-0.6188504598852098,0.8577604624880589,5.0
