topic,sentiment_mean,sentiment_std,subjectivity_mean,subjectivity_std,counting
Adaptation,0.025015915533927135,0.7714411838944736,0.046587761501557856,0.8766983537344364,39.0
Causes,0.02149916893825548,0.6347693241028475,0.20505811770632154,0.6981611044973944,20.0
Hazard,0.04275776934031277,0.7028963822571807,0.15421928553402028,0.719754331613476,244.0
Impacts,0.27595070520443493,0.694244813660523,0.3847403075464707,0.6677283967815113,16.0
Mitigation,-0.370157971755246,0.8063251363514049,0.6449157886886788,0.4052887951017117,2.0
