keyword,sentiment_mean,sentiment_std,subjectivity_mean,subjectivity_std,counting
'frost weather',0.09804401145198816,0.8484354771051072,-0.01104401145198799,0.8727218857766261,10.0
'road salt',0.09999999999999999,0.1414213562373095,0.4458333333333333,0.12374368670764578,2.0
'snow ice',-0.12736892706218253,0.5451864219040518,0.09346440627115116,0.6935684768936453,3.0
'snow',-0.02224352904040404,0.47017409538984195,0.35746009187631267,0.4558595824098061,16.0
