keyword,sentiment_mean,sentiment_std,subjectivity_mean,subjectivity_std,counting
'frost weather',0.17699480752234253,0.7330628543861352,0.028174628261892733,0.9213076824185327,22.0
'road salt',-0.2615170774523414,0.4464379013442738,0.10398832628793139,0.5620461183072348,5.0
'slippery roads',-0.061000736626961725,0.9764378126512071,0.39598759239735243,0.7233531301270049,23.0
'snow climate change',0.07197895666222764,0.6923634862591833,0.31736742520340694,0.7983393624150804,23.0
'snow ice',0.08187877129304037,0.6658985594290526,0.11018422490365312,0.7475992214241244,49.0
'snow',0.014766880383663104,0.7763189511204716,0.09780694219721398,0.7940231089046806,323.0
'snowfall',0.08221643238314016,0.8703911489172182,0.09519925445352953,0.8288738152993351,99.0
'winter service',-0.04584497935165677,0.8620026611193016,-0.010209998226219564,0.9418070798658151,44.0
veryUnusualAndNeverUsedKeyword,0.022333508968480336,0.7627962497303226,-0.8948299729263857,0.6923166158234763,3.0
