keyword,sentiment_mean,sentiment_std,subjectivity_mean,subjectivity_std,counting
'frost weather',0.020182758737765562,0.7608807842698034,-0.03125819763873955,0.9785060686446878,20.0
'road salt',-0.2535122875670678,0.4435877293148906,0.13659799221385382,0.6025980838965662,5.0
'slippery roads',0.02202744999365,0.9606391913375099,0.4788738227895688,0.6048952111778375,22.0
'snow climate change',0.09003134973959542,0.6910923318123315,0.3102942335718966,0.8081344922322456,21.0
'snow ice',0.06317034962381998,0.5498680945728411,0.1554861373907246,0.7371211760623704,44.0
'snow',0.03421492117474622,0.7457500117164104,0.09998832954003867,0.7787943170625306,236.0
'snowfall',0.03839515240621905,0.8566865506060062,0.12093756787975327,0.7314522855419079,73.0
'winter service',-0.021955671463885985,0.8191319461442447,-9.35163394435574e-05,0.921345651018589,41.0
