topic,sentiment_mean,sentiment_std,subjectivity_mean,subjectivity_std,counting
Adaptation,0.028502853130703592,0.7697071919424772,0.1124735812410068,0.8325550676680624,39.0
Causes,0.02149916893825548,0.6347693241028475,0.20505811770632154,0.6981611044973944,20.0
Hazard,0.04388853362342241,0.6872865823242685,0.15805292501617335,0.7141662479552481,221.0
Impacts,0.30155218442388654,0.6667511420064687,0.4371680506525902,0.6503095403159458,15.0
Mitigation,-0.370157971755246,0.8063251363514049,0.6449157886886788,0.4052887951017117,2.0
