keyword,sentiment_mean,sentiment_std,subjectivity_mean,subjectivity_std,counting
'frost weather',-0.14375453441542083,0.8826229974592985,0.14762767015184164,0.9611745208335749,132.0
'road salt',0.0759956356040106,0.7881361531188413,-0.019947912829303964,0.9071082967514172,56.0
'slippery roads',-0.03720871815862391,0.9762684420205537,0.04333625008221982,0.8888037070019463,130.0
'snow climate change',0.04059896656356779,0.8872799635490052,0.10206784645171942,0.801852244632132,136.0
'snow ice',-0.08685034522472206,0.921903256485953,0.008306517606397055,0.9167428552082489,268.0
'snow',0.03347714365984802,0.8855071222361887,0.024549286307609237,0.9009170711989976,1680.0
'snowfall',-0.004923310443660282,0.9161537302779494,0.10138864188157487,0.9253806920555955,417.0
'winter service',0.0703013137798221,0.9475518998478502,0.052889156080113436,0.9759104782214677,136.0
veryUnusualAndNeverUsedKeyword,0.07830234041794129,0.9531255299197562,0.1707268689182103,1.2039852973847047,14.0
