keyword,sentiment_mean,sentiment_std,subjectivity_mean,subjectivity_std,counting
'frost weather',0.09941302947464561,0.8149768817978986,-0.23308575889853905,0.961942072539161,15.0
'road salt',-0.370157971755246,0.8063251363514049,0.6449157886886788,0.4052887951017117,2.0
'slippery roads',0.27595070520443493,0.694244813660523,0.3847403075464707,0.6677283967815113,16.0
'snow climate change',0.02149916893825548,0.6347693241028475,0.20505811770632154,0.6981611044973944,20.0
'snow ice',0.039071482392385545,0.5850022111057874,0.275702103161801,0.5493989224273175,29.0
'snow',0.0530723748833942,0.6905336333535522,0.14884852444668975,0.7028071498807398,148.0
'snowfall',-0.0010280147903989334,0.7747709656158109,0.21815028998523617,0.7484947720251499,52.0
'winter service',0.025015915533927135,0.7714411838944736,0.046587761501557856,0.8766983537344364,39.0
