keyword,sentiment_mean,sentiment_std,subjectivity_mean,subjectivity_std,counting
'frost weather',-0.14016709692699067,0.8894637526691791,0.14986073236045633,0.9605493575114606,130.0
'road salt',0.0740860090151907,0.7942160597263648,-0.03378364673819922,0.9277668162932596,55.0
'slippery roads',-0.036474446896253926,0.9924433875500527,0.034822137309302455,0.9043201720602693,123.0
'snow climate change',0.050539269414729915,0.8851708671126994,0.09768559996843024,0.7966302443505782,133.0
'snow ice',-0.0851764334765133,0.8932287024528418,0.020922005928779214,0.9185904426671898,252.0
'snow',0.034615743326456797,0.8822856269831613,0.026317581825085604,0.8967231786703674,1612.0
'snowfall',-0.005641588768697227,0.930436323477773,0.10218518783101427,0.9216865042015172,407.0
'winter service',0.05608664998752787,0.948457821620738,0.047348052304053555,0.9929013476372955,126.0
veryUnusualAndNeverUsedKeyword,0.07242912706905932,0.9523202153941844,0.1671675476926772,1.205376986521167,14.0
