keyword,sentiment_mean,sentiment_std,subjectivity_mean,subjectivity_std,counting
'frost weather',0.16477191411424078,0.742684772425286,0.03926963888826634,0.8988579304385469,22.0
'road salt',-0.23347956113810447,0.43957936875397885,0.07070929195198969,0.5278838339541468,5.0
'slippery roads',-0.09576317989912994,0.9982470225411987,0.35202881342688924,0.7588460001615028,23.0
'snow climate change',0.0783824583715675,0.7052557507899364,0.29758766644579177,0.7753187600742437,23.0
'snow ice',0.05308493606277616,0.6749659931338293,0.11974893326600258,0.753624469658867,58.0
'snow',0.02771009912110315,0.7874230411395595,0.09178393898960073,0.8212713886348084,370.0
'snowfall',0.054190670629093635,0.8801752844530414,0.1152710825373926,0.7932692605943296,113.0
'winter service',-0.055611650210667773,0.8369255150061093,-0.0014763657204485638,0.926569162503121,47.0
veryUnusualAndNeverUsedKeyword,0.10104188622151483,0.7128681890359223,-0.6547376332130738,0.9930186504396704,4.0
