topic,sentiment_mean,sentiment_std,subjectivity_mean,subjectivity_std,counting
Adaptation,-0.06629145202496212,0.7917614150566784,-0.01283682494760568,0.9176436762097997,50.0
Causes,0.08692304585067187,0.6418851855122412,0.3531969332493952,0.7281469990548285,27.0
Hazard,0.0337646180652047,0.8137254297715404,0.07885227320309551,0.8242768250831557,664.0
Impacts,-0.039880122045914373,1.059954878691532,0.3697210224893064,0.7905550814282999,26.0
Mitigation,-0.17194372709443895,0.6928176109555013,0.242433765742309,0.8705297509750677,9.0
