week,sentiment_mean,sentiment_std,subjectivity_mean,subjectivity_std,counting
2025-40,0.08145739620183472,0.8225783939961562,-0.2651675022392748,0.8410595712906425,6.0
2025-41,-0.06630249955768114,0.8143491120187203,0.5400175624287513,0.6361664123515833,11.0
2025-42,0.0043202350403610855,0.4042453593171769,0.08696166066741406,0.4042556380002886,6.0
2025-43,0.07242305143092666,0.5304729540160245,0.016959137519825897,0.6084210836405454,11.0
2025-44,0.009394847354346194,0.4686343646323812,0.28175932854543345,0.49520111380392184,14.0
