keyword,sentiment_mean,sentiment_std,subjectivity_mean,subjectivity_std,counting
'frost weather',-0.13954421935934658,0.9058172360836889,0.14432410845297014,0.9621463487557296,121.0
'road salt',0.08097057013345536,0.8144825472748165,-0.035142656236922136,0.9452425192072507,50.0
'slippery roads',-0.03706426528926708,1.0011272518152738,0.013633360779498711,0.9333581411584452,110.0
'snow climate change',-0.006313516270215539,0.8840442885389856,0.08753250392346072,0.8227958459017376,115.0
'snow ice',-0.06407027892206771,0.903011473623126,0.020496123361367864,0.9210607314281098,247.0
'snow',0.03752500009378955,0.8838947662634726,0.03165690603492434,0.8922017739599594,1547.0
'snowfall',0.00032755688943836726,0.9223466737875001,0.10129503561406039,0.9209026470936948,396.0
'winter service',-0.002134746543907716,0.9162008223317377,0.033977168376838576,0.9950215110726571,111.0
veryUnusualAndNeverUsedKeyword,0.06983726089260199,0.9188960619891934,0.15741293210982474,1.203552556741423,14.0
