topic,sentiment_mean,sentiment_std,subjectivity_mean,subjectivity_std,counting
Adaptation,-0.014414509383478604,0.8121334082572581,0.044628151375369296,0.9335037905362961,58.0
Causes,0.10640141556857627,0.660696059370371,0.3348159362534486,0.6488928951511773,34.0
Hazard,0.022062705314328395,0.8156684520720195,0.06896866671793647,0.833224556234871,742.0
Impacts,-0.007370226524266647,1.0964192690471348,0.43829021247507943,0.8046045315583942,31.0
Mitigation,-0.021648154412703846,0.8085363039743336,0.17515687005817573,0.7917748225317977,13.0
