topic,sentiment_mean,sentiment_std,subjectivity_mean,subjectivity_std,counting
Adaptation,-0.03846383508597298,0.8394331591272584,-0.014181900822802773,1.0019870067869467,63.0
Causes,0.08544281760772245,0.6535699833524531,,1.0,57.0
Hazard,0.01881782710618511,0.8548151924831672,0.05632193078649948,0.8596604081263061,1066.0
Impacts,-0.06352519094125729,1.0683978816591249,0.2236106483678306,0.9048333553315093,56.0
Mitigation,-0.022102606290252333,0.7077561207192883,0.08840451444399701,0.9467824097042545,18.0
