topic,sentiment_mean,sentiment_std,subjectivity_mean,subjectivity_std,counting
Adaptation,0.06290768077248873,0.9509464046739157,0.05442807218837891,0.9949904610417312,127.0
Causes,0.056456010500533865,0.8872979793820047,0.10760717553490251,0.7960680997236321,134.0
Hazard,0.005067898213996604,0.8936867296321809,0.044279178434291674,0.9075870017287434,2415.0
Impacts,-0.04300713527925238,0.9826508968238636,0.03547764518963608,0.8990227769914492,125.0
Mitigation,0.08218113188651369,0.790403821948793,-0.04191222566691089,0.923186861015261,56.0
