topic,sentiment_mean,sentiment_std,subjectivity_mean,subjectivity_std,counting
Adaptation,-0.019774831470408562,0.8173324575635089,0.01632219879818463,0.9542579525484126,63.0
Causes,0.10641088353904865,0.6200571629345755,0.2605227020810251,0.6822793337124604,48.0
Hazard,0.013967422181582268,0.8343512159022278,0.06899971822257557,0.8447838697815433,871.0
Impacts,0.04978487642291759,1.1041645172477406,0.2879005260222179,0.9371513404745834,41.0
Mitigation,0.020594112396679704,0.77694285553872,0.005101905056207255,0.7659769770656579,14.0
