topic,sentiment_mean,sentiment_std,subjectivity_mean,subjectivity_std,counting
Adaptation,-0.0333607877444527,0.9185915858438357,0.010767467499702827,1.0188238554151197,104.0
Causes,-0.004662244502170427,0.8927924951969499,0.11466576446335754,0.8289457461715254,109.0
Hazard,0.012322424321428343,0.8930762395973311,0.04644912818906759,0.901923125388017,2237.0
Impacts,-0.031684555909800655,0.9934275661997631,0.0386007861461913,0.9290785378490233,103.0
Mitigation,0.07203506286243232,0.812066657098537,0.02024534762246168,0.9126039846527938,48.0
