keyword,sentiment_mean,sentiment_std,subjectivity_mean,subjectivity_std,counting
'frost weather',0.0462422240105257,0.8264071172968802,-0.09363951145489287,1.005251737765317,44.0
'road salt',0.020594112396679704,0.77694285553872,0.005101905056207255,0.7659769770656579,14.0
'slippery roads',0.04978487642291759,1.1041645172477406,0.2879005260222179,0.9371513404745834,41.0
'snow climate change',0.10641088353904865,0.6200571629345755,0.2605227020810251,0.6822793337124604,48.0
'snow ice',0.03283052776082109,0.6656681856617418,0.066465550192707,0.8126947804466099,76.0
'snow',0.00812377009457554,0.8427743740390704,0.08201267104162785,0.8447096754140784,598.0
'snowfall',0.01840234280048972,0.8826213651970984,0.06613637674692609,0.8133039602971655,153.0
'winter service',-0.019774831470408562,0.8173324575635089,0.01632219879818463,0.9542579525484126,63.0
veryUnusualAndNeverUsedKeyword,0.15020803967377097,0.519230861142233,-0.49073784591617164,0.9112950689625944,7.0
