week,sentiment_mean,sentiment_std,subjectivity_mean,subjectivity_std,counting
2025-40,-0.2375919864860537,0.7450569135724446,-0.4439627862943264,0.8789416746633442,8.0
2025-41,0.11274081335514179,0.8498091825314891,0.24668047223479253,0.7044802924865043,33.0
2025-42,0.005379027799730909,0.657782937910946,0.19471287139326193,0.7761300526506576,28.0
2025-43,0.03894948146272179,0.7241201661137849,0.061161353131793196,0.7831210650345385,41.0
2025-44,0.027027855885791915,0.7719042110443818,0.16115744833152157,0.7279673894433005,73.0
2025-45,0.07270289454298755,0.637876896429095,0.19391180699287874,0.7097273124451174,138.0
