topic,sentiment_mean,sentiment_std,subjectivity_mean,subjectivity_std,counting
Adaptation,0.06527691848057009,0.9506323762860814,0.05091751442392804,0.9765441656991679,136.0
Causes,0.06459508774577714,0.9029989865009789,0.1073335865223276,0.7995973496008002,134.0
Hazard,0.00379120297610623,0.8942100072065171,0.042513577592659064,0.9102685655444818,2479.0
Impacts,-0.039163471924559476,0.9784216864307341,0.04178784903613725,0.8910158964732959,129.0
Mitigation,0.07738731928082511,0.7871918118220924,-0.020353773514280322,0.9071811927598705,56.0
