keyword,sentiment_mean,sentiment_std,subjectivity_mean,subjectivity_std,counting
'frost weather',0.1089325387115651,0.8037785951127556,-0.2304793574399354,0.9570612114221495,15.0
'road salt',-0.370157971755246,0.8063251363514049,0.6449157886886788,0.4052887951017117,2.0
'slippery roads',0.30155218442388654,0.6667511420064687,0.4371680506525902,0.6503095403159458,15.0
'snow climate change',0.02149916893825548,0.6347693241028475,0.20505811770632154,0.6981611044973944,20.0
'snow ice',0.016086100053943984,0.5496124184610323,0.3054918334954348,0.5172674714242395,28.0
'snow',0.053457279450221974,0.6611209577482926,0.15455546123188219,0.7025270136174548,139.0
'snowfall',0.0033025727659649704,0.8255894382558788,0.22166113225713005,0.7358573897533779,39.0
'winter service',0.028502853130703592,0.7697071919424772,0.1124735812410068,0.8325550676680624,39.0
