keyword,sentiment_mean,sentiment_std,subjectivity_mean,subjectivity_std,counting
'frost weather',-0.14450103836649042,0.8891099110818015,0.14486126722755197,0.9588443437579339,130.0
'road salt',0.08218113188651369,0.790403821948793,-0.04191222566691089,0.923186861015261,56.0
'slippery roads',-0.04300713527925238,0.9826508968238636,0.03547764518963608,0.8990227769914492,125.0
'snow climate change',0.056456010500533865,0.8872979793820047,0.10760717553490251,0.7960680997236321,134.0
'snow ice',-0.08823340256564426,0.8926040137977788,0.016475916928747208,0.9211435895091474,254.0
'snow',0.0348537765337792,0.883603801293829,0.02642878088850317,0.8974479615565505,1623.0
'snowfall',-0.008134530612166018,0.9292528814340463,0.10041139797617432,0.9213960245919843,408.0
'winter service',0.06290768077248873,0.9509464046739157,0.05442807218837891,0.9949904610417312,127.0
veryUnusualAndNeverUsedKeyword,0.07438096898386688,0.955506536135279,0.16893008846945237,1.204622311496004,14.0
