topic,sentiment_mean,sentiment_std,subjectivity_mean,subjectivity_std,counting
Adaptation,-0.03352379609773766,0.9276894678487477,0.01416047360644639,1.0192453084874304,101.0
Causes,-0.003094704685488317,0.9067916958784091,0.11241247785891617,0.8233033245071797,109.0
Hazard,0.012150135597116241,0.8913460075051748,0.045379814740511386,0.9010848326672454,2201.0
Impacts,-0.03335108974270297,0.9897792042922285,0.050050993812095976,0.9496847564839959,100.0
Mitigation,0.07229958904912821,0.8191770745756537,0.05470822943099827,0.8963147013976492,47.0
