topic,sentiment_mean,sentiment_std,subjectivity_mean,subjectivity_std,counting
Adaptation,0.06065859328846417,0.9490284849443001,0.04802442055844147,0.9765223070493475,135.0
Causes,0.05678054797896815,0.8973256943416458,0.10354379765220063,0.798822645829999,134.0
Hazard,0.004422392447124407,0.8940813474620606,0.043113208794497745,0.9101386545657585,2456.0
Impacts,-0.041814666917967924,0.9798154538664422,0.04504563279004763,0.8888702469234325,129.0
Mitigation,0.07883169640055403,0.7897425328492282,-0.022033422432459798,0.905548681339809,56.0
