topic,sentiment_mean,sentiment_std,subjectivity_mean,subjectivity_std,counting
Adaptation,0.013541465575582553,0.9058371135779245,0.01673696557904558,0.9912594731822282,119.0
Causes,0.0038653816765223067,0.8922710492945378,0.08885966270820378,0.8164335139057542,121.0
Hazard,0.008896131429075641,0.8957954571980137,0.047406300375607766,0.9062938313171143,2353.0
Impacts,-0.008560392703445914,0.9932161213877572,0.04245790751396608,0.9175922082329333,119.0
Mitigation,0.07445629119106036,0.7994001297746258,-0.029664228179127575,0.9247224482993827,54.0
