week,sentiment_mean,sentiment_std,subjectivity_mean,subjectivity_std,counting
2025-40,-0.3068407727424203,0.7239820246688846,-0.44622940279253037,0.8616993516428575,8.0
2025-41,0.10391648853539442,0.8198284804983472,0.22818039605797447,0.7047884100361748,33.0
2025-42,0.0197059825502089,0.6395072746357053,0.1776508712459021,0.7737905339888724,28.0
2025-43,0.04572460170535686,0.717770544778452,0.06632154005286266,0.7777654589740457,41.0
2025-44,0.03178631137352301,0.7600578927463103,0.15964203876601502,0.7218083240146714,76.0
2025-45,0.06330864256932121,0.6982616604134786,0.18702560281163705,0.7461184892080488,153.0
2025-46,-0.07202627948289836,0.007334113945871549,-0.2556154750848211,0.9406840719017937,2.0
