week,sentiment_mean,sentiment_std,subjectivity_mean,subjectivity_std,counting
2025-40,-0.2965133764631737,0.7069444638973358,-0.4434985350023577,0.8593788486218288,8.0
2025-41,0.11334667729060635,0.8451930448021133,0.2442379162209744,0.6943486235977273,33.0
2025-42,0.021898153574747805,0.6395780573215504,0.17429591813139092,0.7817451145653803,28.0
2025-43,0.017451559141255,0.7430428955726993,0.06757341481825938,0.7915158960923895,42.0
2025-44,0.033687153042240424,0.7829457595630356,0.15869412188782048,0.7187807252446051,76.0
2025-45,0.055913198322094855,0.7112464936780043,0.18239175627945534,0.7509089404465702,157.0
2025-46,0.010572328549002521,0.6956388803131965,0.0322187280293951,0.8693258986317438,35.0
