topic,sentiment_mean,sentiment_std,subjectivity_mean,subjectivity_std,counting
Adaptation,-0.032938692496033935,0.8499477498204235,0.03156365629478817,0.989806063430332,67.0
Causes,0.05556356929686171,0.7321923100976734,,1.0,63.0
Hazard,0.017788856906177056,0.8641868738753865,0.05129153394152741,0.8630056788195307,1198.0
Impacts,-0.09476212862764112,1.0430321686203534,0.12761145600579812,0.9929239629775691,61.0
Mitigation,0.01651197199760608,0.6853959882561205,0.13108704929727252,0.9038386855545947,20.0
