keyword,sentiment_mean,sentiment_std,subjectivity_mean,subjectivity_std,counting
'frost weather',0.045155599935192754,0.775322558239848,-0.20715304032651552,0.9992697418815804,35.0
'road salt',-0.021648154412703846,0.8085363039743336,0.17515687005817573,0.7917748225317977,13.0
'slippery roads',-0.007370226524266647,1.0964192690471348,0.43829021247507943,0.8046045315583942,31.0
'snow climate change',0.10640141556857627,0.660696059370371,0.3348159362534486,0.6488928951511773,34.0
'snow ice',0.06797812224253433,0.6243719215384044,0.08730946193815434,0.7910155361702691,66.0
'snow',0.023400581236632217,0.822338459369632,0.08244145078427523,0.836278875872163,507.0
'snowfall',-0.010960735638981077,0.8850948939926537,0.0813548408285941,0.7900256194838884,134.0
'winter service',-0.014414509383478604,0.8121334082572581,0.044628151375369296,0.9335037905362961,58.0
veryUnusualAndNeverUsedKeyword,0.012627637402692215,0.5388463308504682,-0.5893941448874831,0.9265886164545392,5.0
